상품명,스팩목록,가격
LG전자 오브제컬렉션 코드제로 A9S AX920BWE,"핸디스틱청소기/무선/흡입+물걸레(교체)/흡입력: 280W/스테이션: 먼지비움, 충전, 액서서리수납, 스탠드거치/먼지비움시간: 30초/먼지봉투: 2.5L/LED라이트/싸이클론흡입/오토스탑앤고/스마트인버터모터/워셔블헤파필터/[배터리] 사용시간: 30분(최대)/분리형(1개)/리튬이온/[흡입구] 와이드/추가브러쉬: 솔형브러쉬, 틈새브러쉬/물걸레: 별매/[색상/크기] 색상: 카밍베이지/무게: 2.49kg/크기(가로x세로x깊이): 300x1100x245mm/출시가: 1,165,000원",675280
LG전자 오브제컬렉션 코드제로 A9S AX958BWE,"핸디스틱청소기/무선/흡입+물걸레(교체)/흡입력: 280W/스테이션: 먼지비움, 충전, 액서서리수납, 스탠드거치/먼지비움시간: 30초/먼지봉투: 2.5L/LED라이트/싸이클론흡입/오토스탑앤고/스마트인버터모터/워셔블헤파필터/[배터리] 사용시간: 30분(최대)/분리형(1개)/리튬이온/[흡입구] 와이드/추가브러쉬: 솔형브러쉬, 틈새브러쉬/물걸레: 별매/[색상/크기] 색상: 카밍베이지/무게: 2.49kg/크기(가로x세로x깊이): 300x1100x245mm/출시가: 1,165,000원",902852
LG전자 코드제로 A5 AS520WA,"핸디스틱청소기/무선/흡입+물걸레(동시)/흡입력: 280W/스테이션: 먼지비움, 충전, 액서서리수납, 스탠드거치/먼지비움시간: 30초/먼지봉투: 2.5L/LED라이트/싸이클론흡입/오토스탑앤고/자동물공급/스마트인버터모터/워셔블헤파필터/[배터리] 사용시간: 30분(최대)/분리형(2개)/리튬이온/[흡입구] 와이드/추가브러쉬: 침구브러쉬, 솔형브러쉬, 틈새브러쉬/물걸레: 포함/스팀/고온/[색상/크기] 색상: 카밍베이지/무게: 2.49kg/크기(가로x세로x깊이): 300x1100x245mm/출시가: 1,765,000원",359898
샤오미 미홀 M22,"핸디스틱청소기/무선/흡입+물걸레(동시)/흡입력: 280W/스테이션: 먼지비움, 충전, 액서서리수납, 스탠드거치/먼지비움시간: 30초/먼지봉투: 2.5L/LED라이트/싸이클론흡입/오토스탑앤고/자동물공급/스마트인버터모터/워셔블헤파필터/[배터리] 사용시간: 30분(최대)/분리형(2개)/리튬이온/[흡입구] 와이드/추가브러쉬: 침구브러쉬, 솔형브러쉬, 틈새브러쉬/물걸레: 포함/스팀/고온/[색상/크기] 색상: 카밍베이지/무게: 2.49kg/크기(가로x세로x깊이): 300x1100x245mm/출시가: 1,765,000원",121220
삼성전자 비스포크 제트 AI Lite VS28D950ACB,"핸디스틱청소기/무선/흡입전용/흡입력: 150W/스테이션: 충전, 스탠드거치, 액서서리&배터리거치/싸이클론흡입/스마트인버터모터/워셔블먼지필터/[배터리] 사용시간: 40분(최대)/분리형(1개)/리튬이온/[흡입구] 일반/추가브러쉬: 솔형브러쉬, 틈새브러쉬, 틈새(내장형)브러쉬/[색상/크기] 색상: 카밍베이지/무게: 1.97kg/크기(가로x세로x깊이): 251x1026x242mm",196000
삼성전자 비스포크 제트 VS20C954AQB,"핸디스틱청소기/무선/흡입전용/흡입력: 150W/스테이션: 충전, 스탠드거치, 액서서리&배터리거치/싸이클론흡입/스마트인버터모터/워셔블먼지필터/[배터리] 사용시간: 40분(최대)/분리형(1개)/리튬이온/[흡입구] 일반/추가브러쉬: 솔형브러쉬, 틈새브러쉬, 틈새(내장형)브러쉬/[색상/크기] 색상: 카밍베이지/무게: 1.97kg/크기(가로x세로x깊이): 251x1026x242mm",724030
LG전자 오브제컬렉션 코드제로 A7 Core A720WA,"핸디스틱청소기/무선/흡입+물걸레(교체)/스테이션: 벽걸이거치, 액서서리&배터리거치/LED라이트/BLDC모터/워셔블헤파필터/[배터리] 사용시간: 50분(최대)/분리형(1개)/[흡입구] 일반/추가브러쉬: 침구브러쉬, 솔형브러쉬, 틈새브러쉬/물걸레: 별매/[색상/크기] 무게: 1.5kg/크기(가로x세로x깊이): 240x1040x204mm",420726
LG전자 오브제컬렉션 코드제로 A9 AI AI958WA,"핸디스틱청소기/무선/흡입+물걸레(교체)/스테이션: 벽걸이거치, 액서서리&배터리거치/LED라이트/BLDC모터/워셔블헤파필터/[배터리] 사용시간: 50분(최대)/분리형(1개)/[흡입구] 일반/추가브러쉬: 침구브러쉬, 솔형브러쉬, 틈새브러쉬/물걸레: 별매/[색상/크기] 무게: 1.5kg/크기(가로x세로x깊이): 240x1040x204mm",582010
LG전자 오브제컬렉션 코드제로 A9 AI AI948WA,"핸디스틱청소기/무선/흡입전용/흡입력: 280W/스테이션: 먼지비움, 충전, UVC LED, 스탠드거치, 액서서리&배터리거치/먼지비움시간: 14초/먼지봉투: 1.2L/AI청소/LED라이트/싸이클론흡입/먼지감지센서/워셔블먼지필터/[배터리] 사용시간: 30분(최대)/분리형(1개)/리튬이온/[흡입구] 일반/추가브러쉬: 솔형브러쉬, 틈새브러쉬/[색상/크기] 색상: 산토리니베이지/무게: 2.3kg/크기(가로x세로x깊이): 300x1055x300mm",1360670
샤크닌자 샤크 에보 파워 시스템 STD+ CS150KRAE,"핸디스틱청소기/무선/흡입전용/흡입력: 280W/스테이션: 먼지비움, 충전, UVC LED, 스탠드거치, 액서서리&배터리거치/먼지비움시간: 14초/먼지봉투: 1.2L/AI청소/LED라이트/싸이클론흡입/먼지감지센서/워셔블먼지필터/[배터리] 사용시간: 30분(최대)/분리형(1개)/리튬이온/[흡입구] 일반/추가브러쉬: 솔형브러쉬, 틈새브러쉬/[색상/크기] 색상: 산토리니베이지/무게: 2.3kg/크기(가로x세로x깊이): 300x1055x300mm",1050000
LG전자 오브제컬렉션 코드제로 A7 Core A727WA,"핸디스틱청소기/무선/흡입전용/흡입력: 210W/스테이션: 충전, 스탠드거치, 액서서리&배터리거치/LED라이트/싸이클론흡입/디지털인버터모터/워셔블헤파필터/[배터리] 사용시간: 1시간(최대)/분리형(1개)/리튬이온/[흡입구] 일반/추가브러쉬: 솔형브러쉬, 틈새브러쉬/[색상/크기] 색상: 미드나잇블루/크기(가로x세로x깊이): 250x930x202mm/출시가: 759,000원",414610
다이슨 마이크로 1.5kg SV21,"핸디스틱청소기/무선/흡입전용/흡입력: 210W/스테이션: 충전, 스탠드거치, 액서서리&배터리거치/LED라이트/싸이클론흡입/디지털인버터모터/워셔블헤파필터/[배터리] 사용시간: 1시간(최대)/분리형(1개)/리튬이온/[흡입구] 일반/추가브러쉬: 솔형브러쉬, 틈새브러쉬/[색상/크기] 색상: 미드나잇블루/크기(가로x세로x깊이): 250x930x202mm/출시가: 759,000원",687090
다이슨 싸이클론 V10,"핸디스틱청소기/무선/흡입전용/흡입력: 220W/스테이션: 먼지비움, 충전, 액서서리수납, 스탠드거치/먼지비움시간: 30초/싸이클론흡입/스마트인버터모터/[배터리] 사용시간: 1시간(최대)/분리형(1개)/리튬이온/[흡입구] 일반/추가브러쉬: 솔형브러쉬, 틈새브러쉬/[색상/크기] 색상: 카밍베이지/무게: 2.47kg/크기(가로x세로x깊이): 250x1120x260mm",325660
캐치웰 CX PRO 매직타워 N,"핸디스틱청소기/무선/흡입전용/흡입력: 220W/스테이션: 먼지비움, 충전, 액서서리수납, 스탠드거치/먼지비움시간: 30초/싸이클론흡입/스마트인버터모터/[배터리] 사용시간: 1시간(최대)/분리형(1개)/리튬이온/[흡입구] 일반/추가브러쉬: 솔형브러쉬, 틈새브러쉬/[색상/크기] 색상: 카밍베이지/무게: 2.47kg/크기(가로x세로x깊이): 250x1120x260mm",364310
샤크닌자 샤크 에보 파워 시스템 NEO 플러스 LC351KR,"핸디스틱청소기/무선/흡입+물걸레(동시)/흡입력: 320W/스테이션: 먼지비움, 충전, 액서서리수납, 스탠드거치/먼지비움시간: 30초/먼지봉투: 2.5L/AI청소/LED라이트/오토스탑앤고/자동물공급/스마트인버터모터/[배터리] 사용시간: 30분(최대)/분리형(2개)/리튬이온/[흡입구] 와이드/추가브러쉬: 침구브러쉬, 솔형브러쉬, 틈새브러쉬/물걸레: 포함/스팀/[색상/크기] 색상: 카밍베이지/무게: 2.54kg/크기(가로x세로x깊이): 300x1100x245mm",274000
삼성전자 비스포크 제트 AI VS90F40CRG,"핸디스틱청소기/무선/흡입+물걸레(동시)/흡입력: 320W/스테이션: 먼지비움, 충전, 액서서리수납, 스탠드거치/먼지비움시간: 30초/먼지봉투: 2.5L/AI청소/LED라이트/오토스탑앤고/자동물공급/스마트인버터모터/[배터리] 사용시간: 30분(최대)/분리형(2개)/리튬이온/[흡입구] 와이드/추가브러쉬: 침구브러쉬, 솔형브러쉬, 틈새브러쉬/물걸레: 포함/스팀/[색상/크기] 색상: 카밍베이지/무게: 2.54kg/크기(가로x세로x깊이): 300x1100x245mm",328000
LG전자 오브제컬렉션 코드제로 A9S AX948BWE,"핸디스틱청소기/무선/흡입+물걸레(동시)/흡입력: 320W/스테이션: 먼지비움, 충전, 액서서리수납, 스탠드거치/먼지비움시간: 30초/먼지봉투: 2.5L/AI청소/LED라이트/오토스탑앤고/자동물공급/스마트인버터모터/[배터리] 사용시간: 30분(최대)/분리형(2개)/리튬이온/[흡입구] 와이드/추가브러쉬: 솔형브러쉬, 틈새브러쉬/물걸레: 포함/스팀/[색상/크기] 색상: 카밍베이지/무게: 2.54kg/크기(가로x세로x깊이): 300x1100x245mm",659240
디베아 ALLNEW22000+ (25년형),"핸디스틱청소기/무선/흡입+물걸레(동시)/흡입력: 320W/스테이션: 먼지비움, 충전, 액서서리수납, 스탠드거치/먼지비움시간: 30초/먼지봉투: 2.5L/AI청소/LED라이트/오토스탑앤고/자동물공급/스마트인버터모터/[배터리] 사용시간: 30분(최대)/분리형(2개)/리튬이온/[흡입구] 와이드/추가브러쉬: 솔형브러쉬, 틈새브러쉬/물걸레: 포함/스팀/[색상/크기] 색상: 카밍베이지/무게: 2.54kg/크기(가로x세로x깊이): 300x1100x245mm",1228990
LG전자 오브제컬렉션 코드제로 A7 Core A737WA,"핸디스틱청소기/무선/흡입전용/스테이션: 먼지비움, 충전, 스탠드거치, 액서서리&배터리거치/워셔블먼지필터/[배터리] 사용시간: 13분(최대)/분리형(1개)/리튬이온/[흡입구] 일반/추가브러쉬: 침구브러쉬, 틈새브러쉬/[색상/크기] 색상: 미스틱화이트/무게: 1.9kg/크기(가로x세로x깊이): 267x1030x124mm",897670
샤크닌자 샤크 파워클린 360 IW4271KRCP,"핸디스틱청소기/무선/흡입전용/스테이션: 먼지비움, 충전, 스탠드거치, 액서서리&배터리거치/워셔블먼지필터/[배터리] 사용시간: 13분(최대)/분리형(1개)/리튬이온/[흡입구] 일반/추가브러쉬: 침구브러쉬, 틈새브러쉬/[색상/크기] 색상: 미스틱화이트/무게: 1.9kg/크기(가로x세로x깊이): 267x1030x124mm",179000
다이슨 디지털 슬림,"핸디스틱청소기/무선/흡입+물걸레(동시)/흡입력: 220W/스테이션: 먼지비움, 충전, 액서서리수납, 스탠드거치/먼지비움시간: 30초/먼지봉투: 2.5L/싸이클론흡입/자동물공급/스마트인버터모터/[배터리] 사용시간: 1시간(최대)/분리형(1개)/리튬이온/[흡입구] 일반/추가브러쉬: 솔형브러쉬, 틈새브러쉬/물걸레: 포함/[색상/크기] 색상: 카밍베이지/무게: 2.47kg/크기(가로x세로x깊이): 250x1120x260mm",770100
다이슨 펜슬백 플러피콘,"핸디스틱청소기/무선/흡입+물걸레(동시)/흡입력: 220W/스테이션: 먼지비움, 충전, 액서서리수납, 스탠드거치/먼지비움시간: 30초/먼지봉투: 2.5L/싸이클론흡입/자동물공급/스마트인버터모터/[배터리] 사용시간: 1시간(최대)/분리형(1개)/리튬이온/[흡입구] 일반/추가브러쉬: 솔형브러쉬, 틈새브러쉬/물걸레: 포함/[색상/크기] 색상: 카밍베이지/무게: 2.47kg/크기(가로x세로x깊이): 250x1120x260mm",849000
삼성전자 비스포크 제트 AI Lite VS28D950AIB,"핸디스틱청소기/무선/흡입전용/스테이션: 충전, 스탠드거치/싸이클론흡입/먼지필터/[배터리] 사용시간: 20분(최대)/분리형(1개)/[흡입구] 일반/추가브러쉬: 솔형브러쉬, 미니브러쉬/[색상/크기] 색상: 니켈/무게: 1.5kg/크기(가로x세로x깊이): 225x1103x207mm",299900
LG전자 코드제로 A5 AS527HA,"핸디스틱청소기/무선/흡입전용/스테이션: 충전, 스탠드거치/싸이클론흡입/먼지필터/[배터리] 사용시간: 20분(최대)/분리형(1개)/[흡입구] 일반/추가브러쉬: 솔형브러쉬, 미니브러쉬/[색상/크기] 색상: 니켈/무게: 1.5kg/크기(가로x세로x깊이): 225x1103x207mm",761210
아이닉 i50 아이타워,"핸디스틱청소기/무선/흡입전용/흡입력: 151W/스테이션: 충전, 벽걸이거치/싸이클론흡입/디지털모터/헤파필터/[배터리] 사용시간: 1시간(최대)/리튬이온/[흡입구] 일반/추가브러쉬: 펫브러쉬, 솔형브러쉬, 틈새브러쉬/[색상/크기] 색상: 레드/무게: 2.5kg/크기(가로x세로x깊이): 242x1238x250mm",685354
로보락 H60 Hub Ultra,"핸디스틱청소기/무선/흡입전용/흡입력: 151W/스테이션: 충전, 벽걸이거치/싸이클론흡입/디지털모터/헤파필터/[배터리] 사용시간: 1시간(최대)/리튬이온/[흡입구] 일반/추가브러쉬: 펫브러쉬, 솔형브러쉬, 틈새브러쉬/[색상/크기] 색상: 레드/무게: 2.5kg/크기(가로x세로x깊이): 242x1238x250mm",447354
일렉트로룩스 WELL Q6 WQ61-1EDB,"핸디스틱청소기/무선/흡입+물걸레(교체)/흡입력: 520W/스테이션: 먼지비움, 충전, 액서서리수납, 스탠드거치/먼지봉투: 3L/LED라이트/싸이클론흡입/BLDC모터/헤파필터/[배터리] 사용시간: 30분(최대)/분리형(1개)/리튬이온/[흡입구] 전방향회전/추가브러쉬: 침구브러쉬, 솔형브러쉬, 틈새브러쉬, 카펫브러쉬, 연장관/물걸레: 별매/[색상/크기] 색상: 알리숨화이트/무게: 2.4kg/크기(가로x세로x깊이): 170x870x170mm",261500
삼성전자 비스포크 제트 AI Lite VS28D950ACA,"핸디스틱청소기/무선/흡입+물걸레(교체)/흡입력: 520W/스테이션: 먼지비움, 충전, 액서서리수납, 스탠드거치/먼지봉투: 3L/LED라이트/싸이클론흡입/BLDC모터/헤파필터/[배터리] 사용시간: 30분(최대)/분리형(1개)/리튬이온/[흡입구] 전방향회전/추가브러쉬: 침구브러쉬, 솔형브러쉬, 틈새브러쉬, 카펫브러쉬, 연장관/물걸레: 별매/[색상/크기] 색상: 알리숨화이트/무게: 2.4kg/크기(가로x세로x깊이): 170x870x170mm",318000
샤크닌자 샤크 에보파워 EX WV270KR,"핸디스틱청소기/무선/흡입전용/스테이션: 먼지비움, 충전, 스탠드거치, 액서서리&배터리거치/AI청소/먼지감지센서/BLDC모터/헤파필터/[배터리] 사용시간: 35분(최대)/분리형(2개)/리튬이온/[흡입구] 일반/추가브러쉬: 침구브러쉬, 펫브러쉬, 틈새브러쉬, 각도조절툴/[색상/크기] 색상: 미스틱화이트/무게: 1.7kg/원터치핸디/플렉스기능/크기(가로x세로x깊이): 228x1040x160mm",399000
LG전자 오브제컬렉션 코드제로 A7 Core AS720WA,"핸디스틱청소기/무선/흡입전용/스테이션: 먼지비움, 충전, 스탠드거치, 액서서리&배터리거치/AI청소/먼지감지센서/BLDC모터/헤파필터/[배터리] 사용시간: 35분(최대)/분리형(2개)/리튬이온/[흡입구] 일반/추가브러쉬: 침구브러쉬, 펫브러쉬, 틈새브러쉬, 각도조절툴/[색상/크기] 색상: 미스틱화이트/무게: 1.7kg/원터치핸디/플렉스기능/크기(가로x세로x깊이): 228x1040x160mm",176500
LG전자 오브제컬렉션 코드제로 A9 AI AI937WA,"핸디스틱청소기/무선/흡입+물걸레(교체)/흡입력: 400W/스테이션: 싸이클론비움, 충전, UVC LED, 스탠드거치, 액서서리&배터리거치/먼지비움시간: 14초/먼지봉투: 1.2L/AI청소/LED라이트/싸이클론흡입/먼지감지센서/물분사/디지털인버터모터/워셔블먼지필터/[배터리] 사용시간: 1시간40분(최대)/분리형(1개)/리튬이온/[흡입구] 일반/추가브러쉬: 침구브러쉬, 솔형브러쉬, 틈새브러쉬, 각도조절툴/물걸레: 포함/고온/[색상/크기] 색상: 새틴그레이지/무게: 2.5kg/크기(가로x세로x깊이): 250x970x243mm",651950
LG전자 오브제컬렉션 코드제로 A9S AX921BH4,"핸디스틱청소기/무선/흡입+물걸레(교체)/흡입력: 400W/스테이션: 싸이클론비움, 충전, UVC LED, 스탠드거치, 액서서리&배터리거치/먼지비움시간: 14초/먼지봉투: 1.2L/AI청소/LED라이트/싸이클론흡입/먼지감지센서/물분사/디지털인버터모터/워셔블먼지필터/[배터리] 사용시간: 1시간40분(최대)/분리형(1개)/리튬이온/[흡입구] 일반/추가브러쉬: 침구브러쉬, 솔형브러쉬, 틈새브러쉬, 각도조절툴/물걸레: 포함/고온/[색상/크기] 색상: 새틴그레이지/무게: 2.5kg/크기(가로x세로x깊이): 250x970x243mm",176500
쿠쿠전자 파워클론 슬림 CVC-G820NWM,"핸디스틱청소기/무선/흡입+물걸레(동시)/흡입력: 280W/스테이션: 먼지비움, 충전, 액서서리수납, 스탠드거치/먼지비움시간: 30초/먼지봉투: 2.5L/LED라이트/싸이클론흡입/오토스탑앤고/자동물공급/스마트인버터모터/워셔블헤파필터/[배터리] 사용시간: 30분(최대)/분리형(2개)/리튬이온/[흡입구] 와이드/추가브러쉬: 솔형브러쉬, 틈새브러쉬/물걸레: 포함/스팀/고온/[색상/크기] 색상: 카밍베이지/무게: 2.49kg/크기(가로x세로x깊이): 300x1100x245mm/출시가: 1,660,000원",479155
디베아 원스텝,"핸디스틱청소기/무선/흡입+물걸레(동시)/흡입력: 280W/스테이션: 먼지비움, 충전, 액서서리수납, 스탠드거치/먼지비움시간: 30초/먼지봉투: 2.5L/LED라이트/싸이클론흡입/오토스탑앤고/자동물공급/스마트인버터모터/워셔블헤파필터/[배터리] 사용시간: 30분(최대)/분리형(2개)/리튬이온/[흡입구] 와이드/추가브러쉬: 솔형브러쉬, 틈새브러쉬/물걸레: 포함/스팀/고온/[색상/크기] 색상: 카밍베이지/무게: 2.49kg/크기(가로x세로x깊이): 300x1100x245mm/출시가: 1,660,000원",951745
LG전자 코드제로 A5 AS520HA,"핸디스틱청소기/무선/흡입+물걸레(동시)/흡입력: 43,000Pa/LED라이트/UV살균/워셔블헤파필터/[배터리] 사용시간: 50분(최대)/내장형/리튬이온/[흡입구] 일반/추가브러쉬: 침구브러쉬, 솔형브러쉬, 틈새브러쉬, 카펫브러쉬, 패브릭브러쉬/물걸레: 포함/[색상/크기] 색상: 스노우화이트/무게: 2.2kg/크기(가로x세로x깊이): 245x1040x212mm",789000
무궁화전자 바로바로 MC-B250,"핸디스틱청소기/무선/흡입+물걸레(동시)/흡입력: 43,000Pa/LED라이트/UV살균/워셔블헤파필터/[배터리] 사용시간: 50분(최대)/내장형/리튬이온/[흡입구] 일반/추가브러쉬: 침구브러쉬, 솔형브러쉬, 틈새브러쉬, 카펫브러쉬, 패브릭브러쉬/물걸레: 포함/[색상/크기] 색상: 스노우화이트/무게: 2.2kg/크기(가로x세로x깊이): 245x1040x212mm",174890
칼만 에어 플렉스 DK-4012,"핸디스틱청소기/무선/흡입+물걸레(동시)/흡입력: 220W/스테이션: 먼지비움, 충전, 액서서리수납, 스탠드거치/먼지비움시간: 30초/먼지봉투: 2.5L/싸이클론흡입/자동물공급/스마트인버터모터/[배터리] 사용시간: 1시간(최대)/분리형(1개)/리튬이온/[흡입구] 일반/추가브러쉬: 침구브러쉬, 솔형브러쉬, 틈새브러쉬/물걸레: 포함/[색상/크기] 색상: 카밍베이지/무게: 2.47kg/크기(가로x세로x깊이): 250x1120x260mm",339000
LG전자 오브제컬렉션 코드제로 A9 AI AI927BA,"핸디스틱청소기/무선/흡입+물걸레(동시)/흡입력: 220W/스테이션: 먼지비움, 충전, 액서서리수납, 스탠드거치/먼지비움시간: 30초/먼지봉투: 2.5L/싸이클론흡입/자동물공급/스마트인버터모터/[배터리] 사용시간: 1시간(최대)/분리형(1개)/리튬이온/[흡입구] 일반/추가브러쉬: 침구브러쉬, 솔형브러쉬, 틈새브러쉬/물걸레: 포함/[색상/크기] 색상: 카밍베이지/무게: 2.47kg/크기(가로x세로x깊이): 250x1120x260mm",406746
로보락 F25 Ultra,"핸디스틱청소기/무선/흡입전용/스테이션: 먼지비움, 충전, 스탠드거치/LED라이트/먼지감지센서/워셔블먼지필터/[배터리] 사용시간: 45분(최대)/리튬이온/[흡입구] 일반/레이저/추가브러쉬: 침구브러쉬, 펫브러쉬, 틈새브러쉬/[색상/크기] 색상: 라이트 쿠퍼/무게: 2.2kg/크기(가로x세로x깊이): 228x1080x321mm",37000
LG전자 오브제컬렉션 코드제로 A9S AX9884WE,"핸디스틱청소기/무선/흡입전용/스테이션: 먼지비움, 충전, 스탠드거치/LED라이트/먼지감지센서/워셔블먼지필터/[배터리] 사용시간: 45분(최대)/리튬이온/[흡입구] 일반/레이저/추가브러쉬: 침구브러쉬, 펫브러쉬, 틈새브러쉬/[색상/크기] 색상: 라이트 쿠퍼/무게: 2.2kg/크기(가로x세로x깊이): 228x1080x321mm",1175990
모리츠 티니토 MO-BL8000W,"핸디스틱청소기/무선/흡입전용/흡입력: 100W/스테이션: 충전, 벽걸이거치/싸이클론흡입/워셔블헤파필터/[배터리] 사용시간: 40분(최대)/분리형(1개)/[흡입구] 일반/추가브러쉬: 펫브러쉬, 솔형브러쉬, 틈새브러쉬/[색상/크기] 색상: 니켈/크기(가로x세로x깊이): 250x1100x250mm",1011990
에어메이드 THE 500 플러스 AMC-4500,"핸디스틱청소기/무선/흡입전용/흡입력: 100W/스테이션: 충전, 벽걸이거치/싸이클론흡입/워셔블헤파필터/[배터리] 사용시간: 40분(최대)/분리형(1개)/[흡입구] 일반/추가브러쉬: 펫브러쉬, 솔형브러쉬, 틈새브러쉬/[색상/크기] 색상: 니켈/크기(가로x세로x깊이): 250x1100x250mm",848000
다이슨 디지털 슬림 옵틱,"핸디스틱청소기/무선/흡입전용/흡입력: 55W/스테이션: 충전, 스탠드거치, 액서서리&배터리거치/LED라이트/[배터리] 사용시간: 30분(최대)/[흡입구] 전방향회전/추가브러쉬: 솔형브러쉬, 틈새브러쉬/[색상/크기] 무게: 1.8kg/크기(가로x세로x깊이): 226x1160x83mm",848000
삼성전자 비스포크 슬림 VS15A680AFN,"핸디스틱청소기/무선/흡입전용/흡입력: 55W/스테이션: 충전, 스탠드거치, 액서서리&배터리거치/LED라이트/[배터리] 사용시간: 30분(최대)/[흡입구] 전방향회전/추가브러쉬: 솔형브러쉬, 틈새브러쉬/[색상/크기] 무게: 1.8kg/크기(가로x세로x깊이): 226x1160x83mm",895360
테팔 에어포스 라이트 TY6545KL,"핸디스틱청소기/무선/흡입전용/흡입력: 280W/스테이션: 먼지비움, 충전, UVC LED, 스탠드거치, 액서서리&배터리거치/먼지비움시간: 14초/먼지봉투: 1.2L/AI청소/LED라이트/싸이클론흡입/먼지감지센서/워셔블먼지필터/[배터리] 사용시간: 30분(최대)/분리형(1개)/리튬이온/[흡입구] 일반/추가브러쉬: 솔형브러쉬, 틈새브러쉬/[색상/크기] 색상: 산토리니베이지/무게: 2.3kg/크기(가로x세로x깊이): 300x1055x300mm",43650
삼성전자 비스포크 제트 VS20C954AQK,"핸디스틱청소기/무선/흡입전용/흡입력: 280W/스테이션: 먼지비움, 충전, UVC LED, 스탠드거치, 액서서리&배터리거치/먼지비움시간: 14초/먼지봉투: 1.2L/AI청소/LED라이트/싸이클론흡입/먼지감지센서/워셔블먼지필터/[배터리] 사용시간: 30분(최대)/분리형(1개)/리튬이온/[흡입구] 일반/추가브러쉬: 솔형브러쉬, 틈새브러쉬/[색상/크기] 색상: 산토리니베이지/무게: 2.3kg/크기(가로x세로x깊이): 300x1055x300mm",193740
다이슨 V12 오리진 컴플리트,"핸디스틱청소기/무선/흡입+물걸레(동시)/흡입력: 150W/스테이션: 충전, 스탠드거치, 액서서리&배터리거치/싸이클론흡입/스마트인버터모터/[배터리] 사용시간: 40분(최대)/분리형(1개)/리튬이온/[흡입구] 일반/추가브러쉬: 솔형브러쉬, 틈새브러쉬, 틈새(내장형)브러쉬/물걸레: 포함/[색상/크기] 색상: 에센스화이트/무게: 1.97kg/크기(가로x세로x깊이): 251x1026x242mm",389000
디베아 ALLNEW29000+ (25년형),"핸디스틱청소기/무선/흡입+물걸레(동시)/흡입력: 150W/스테이션: 충전, 스탠드거치, 액서서리&배터리거치/싸이클론흡입/스마트인버터모터/[배터리] 사용시간: 40분(최대)/분리형(1개)/리튬이온/[흡입구] 일반/추가브러쉬: 솔형브러쉬, 틈새브러쉬, 틈새(내장형)브러쉬/물걸레: 포함/[색상/크기] 색상: 에센스화이트/무게: 1.97kg/크기(가로x세로x깊이): 251x1026x242mm",353990
디베아 클린스테이션 JET FIT,"핸디스틱청소기/무선/흡입+물걸레(교체)/흡입력: 255W(45,000Pa)/스테이션: 먼지비움, 충전, 액서서리수납, 스탠드거치/먼지봉투: 1.5L/AI청소/LED라이트/싸이클론흡입/먼지감지센서/UV살균/BLDC모터/헤파필터/[배터리] 사용시간: 1시간5분(최대)/분리형(1개)/리튬이온/[흡입구] 일반/추가브러쉬: 침구브러쉬, 솔형브러쉬, 틈새브러쉬/물걸레: 별매/[색상/크기] 색상: 화이트/무게: 2.7kg/크기(가로x세로x깊이): 250x1040x260mm",98000
앱코 오엘라 네오스핀 OBC-AW09,"핸디스틱청소기/무선/흡입+물걸레(교체)/흡입력: 255W(45,000Pa)/스테이션: 먼지비움, 충전, 액서서리수납, 스탠드거치/먼지봉투: 1.5L/AI청소/LED라이트/싸이클론흡입/먼지감지센서/UV살균/BLDC모터/헤파필터/[배터리] 사용시간: 1시간5분(최대)/분리형(1개)/리튬이온/[흡입구] 일반/추가브러쉬: 침구브러쉬, 솔형브러쉬, 틈새브러쉬/물걸레: 별매/[색상/크기] 색상: 화이트/무게: 2.7kg/크기(가로x세로x깊이): 250x1040x260mm",429000
LG전자 오브제컬렉션 코드제로 A9S AX920BHE,"핸디스틱청소기/무선/흡입전용/흡입력: 210W/스테이션: 먼지비움, 싸이클론비움, 액서서리수납, 스탠드거치/먼지비움시간: 10초/먼지봉투: 3L/LED라이트/싸이클론흡입/BLDC모터/헤파필터/[배터리] 사용시간: 1시간30분(최대)/분리형(1개)/[흡입구] 바닥+카펫/추가브러쉬: 솔브러쉬, 틈새브러쉬, 미니브러쉬, 연장관/[색상/크기] 색상: 블랙/무게: 1.8kg/크기(가로x세로x깊이): 250x1146x293mm",471700
샤오미 미홀 M11 Fit,"핸디스틱청소기/무선/흡입전용/흡입력: 210W/스테이션: 먼지비움, 싸이클론비움, 액서서리수납, 스탠드거치/먼지비움시간: 10초/먼지봉투: 3L/LED라이트/싸이클론흡입/BLDC모터/헤파필터/[배터리] 사용시간: 1시간30분(최대)/분리형(1개)/[흡입구] 바닥+카펫/추가브러쉬: 솔브러쉬, 틈새브러쉬, 미니브러쉬, 연장관/[색상/크기] 색상: 블랙/무게: 1.8kg/크기(가로x세로x깊이): 250x1146x293mm",219000
일렉트로룩스 에르고라피도 ZB3511DB,"핸디스틱청소기/무선/흡입전용/스테이션: 충전, 스탠드거치/LED라이트/싸이클론흡입/헤파필터/[배터리] 사용시간: 45분(최대)/내장형/리튬이온/[흡입구] 일반/추가브러쉬: 솔형브러쉬, 틈새브러쉬, 각도조절툴/[색상/크기] 색상: 블루/무게: 2.65kg/크기(가로x세로x깊이): 255x1105x140mm",518380
다이슨 V8,"핸디스틱청소기/무선/흡입전용/스테이션: 충전, 스탠드거치/LED라이트/싸이클론흡입/헤파필터/[배터리] 사용시간: 45분(최대)/내장형/리튬이온/[흡입구] 일반/추가브러쉬: 솔형브러쉬, 틈새브러쉬, 각도조절툴/[색상/크기] 색상: 블루/무게: 2.65kg/크기(가로x세로x깊이): 255x1105x140mm",259000
삼성전자 비스포크 제트 AI VS30D973HRG,"핸디스틱청소기/무선/흡입전용/흡입력: 280W/스테이션: 먼지비움, 충전, UVC LED, 스탠드거치, 액서서리&배터리거치/먼지비움시간: 14초/먼지봉투: 1.2L/AI청소/LED라이트/싸이클론흡입/먼지감지센서/워셔블먼지필터/[배터리] 사용시간: 30분(최대)/분리형(1개)/리튬이온/[흡입구] 일반/추가브러쉬: 솔형브러쉬, 틈새브러쉬/[색상/크기] 색상: 페블그레이/무게: 2.3kg/크기(가로x세로x깊이): 300x1055x300mm",44900
샤크닌자 샤크 에보파워 WV210KR,"핸디스틱청소기/무선/흡입전용/흡입력: 280W/스테이션: 먼지비움, 충전, UVC LED, 스탠드거치, 액서서리&배터리거치/먼지비움시간: 14초/먼지봉투: 1.2L/AI청소/LED라이트/싸이클론흡입/먼지감지센서/워셔블먼지필터/[배터리] 사용시간: 30분(최대)/분리형(1개)/리튬이온/[흡입구] 일반/추가브러쉬: 솔형브러쉬, 틈새브러쉬/[색상/크기] 색상: 페블그레이/무게: 2.3kg/크기(가로x세로x깊이): 300x1055x300mm",740340
다이슨 V15 오리진 플러피,"핸디청소기/무선/흡입전용/스테이션: 충전, 스탠드거치, 액서서리&배터리거치/BLDC모터/워셔블먼지필터/[배터리] 사용시간: 15분(최대)/분리형(1개)/리튬이온/[흡입구] 추가브러쉬: 솔형브러쉬, 틈새브러쉬, 패브릭브러쉬/[색상/크기] 색상: 블루/네이비/무게: 0.6kg/크기(가로x세로x깊이): 70x390x50mm",107844
다이슨 V12 디텍트 슬림,"핸디청소기/무선/흡입전용/스테이션: 충전, 스탠드거치, 액서서리&배터리거치/BLDC모터/워셔블먼지필터/[배터리] 사용시간: 15분(최대)/분리형(1개)/리튬이온/[흡입구] 추가브러쉬: 솔형브러쉬, 틈새브러쉬, 패브릭브러쉬/[색상/크기] 색상: 블루/네이비/무게: 0.6kg/크기(가로x세로x깊이): 70x390x50mm",207980
삼성전자 비스포크 제트 AI Lite VS28D950AIA,"핸디스틱청소기/무선/흡입전용/흡입력: 220W/스테이션: 스탠드거치, 액서서리&배터리거치/먼지봉투: 2.5L/싸이클론흡입/스마트인버터모터/[배터리] 사용시간: 1시간(최대)/분리형(1개)/리튬이온/[흡입구] 일반/추가브러쉬: 솔형브러쉬, 틈새브러쉬/[색상/크기] 색상: 카밍베이지/무게: 2.47kg/크기(가로x세로x깊이): 250x1120x260mm",324420
일렉트로룩스 WELL Q6 WQ61-1OGG,"핸디스틱청소기/무선/흡입전용/흡입력: 220W/스테이션: 스탠드거치, 액서서리&배터리거치/먼지봉투: 2.5L/싸이클론흡입/스마트인버터모터/[배터리] 사용시간: 1시간(최대)/분리형(1개)/리튬이온/[흡입구] 일반/추가브러쉬: 솔형브러쉬, 틈새브러쉬/[색상/크기] 색상: 카밍베이지/무게: 2.47kg/크기(가로x세로x깊이): 250x1120x260mm",920210
에어메이드 스마트타워 엑스 AMC-5501A,"핸디스틱청소기/무선/흡입+물걸레(동시)/흡입력: 320W/스테이션: 먼지비움, 충전, 액서서리수납, 스탠드거치/먼지비움시간: 30초/AI청소/LED라이트/싸이클론흡입/오토스탑앤고/먼지감지센서/자동물공급/스마트인버터모터/[배터리] 사용시간: 30분(최대)/분리형(1개)/리튬이온/[흡입구] 와이드/추가브러쉬: 침구브러쉬, 솔형브러쉬, 틈새브러쉬/물걸레: 포함/[색상/크기] 색상: 카밍베이지/무게: 2.54kg/크기(가로x세로x깊이): 300x1100x245mm",94050
LG전자 오브제컬렉션 코드제로 A7 Core A727TA,"핸디스틱청소기/무선/흡입+물걸레(동시)/흡입력: 320W/스테이션: 먼지비움, 충전, 액서서리수납, 스탠드거치/먼지비움시간: 30초/AI청소/LED라이트/싸이클론흡입/오토스탑앤고/먼지감지센서/자동물공급/스마트인버터모터/[배터리] 사용시간: 30분(최대)/분리형(1개)/리튬이온/[흡입구] 와이드/추가브러쉬: 침구브러쉬, 솔형브러쉬, 틈새브러쉬/물걸레: 포함/[색상/크기] 색상: 카밍베이지/무게: 2.54kg/크기(가로x세로x깊이): 300x1100x245mm",497460
삼성전자 비스포크 제트 AI VS90F40CNG,"핸디스틱청소기/무선/흡입전용/스테이션: 먼지비움, 충전, 액서서리수납, 스탠드거치/[배터리] 리튬이온/[색상/크기] 색상: 화이트/무게: 2.5kg/크기(가로x세로x깊이): 300x1100x245mm",598980
샤크닌자 샤크 하이드로백 WD210KR,"핸디스틱청소기/무선/흡입전용/스테이션: 먼지비움, 충전, 액서서리수납, 스탠드거치/[배터리] 리튬이온/[색상/크기] 색상: 화이트/무게: 2.5kg/크기(가로x세로x깊이): 300x1100x245mm",786040
샤크닌자 샤크 에보 파워 시스템 ADV CS601,"핸디스틱청소기/무선/흡입전용/흡입력: 85W/스테이션: 충전, 스탠드거치, 액서서리&배터리거치/BLDC모터/워셔블먼지필터/[배터리] 사용시간: 55분(최대)/분리형(1개)/리튬이온/[흡입구] 일반/추가브러쉬: 틈새브러쉬/[색상/크기] 색상: 노블화이트/무게: 1.85kg/크기(가로x세로x깊이): 240x1168x260mm",674876
LG전자 코드제로 A9 Air AS9000WR,"핸디스틱청소기/무선/흡입전용/흡입력: 85W/스테이션: 충전, 스탠드거치, 액서서리&배터리거치/BLDC모터/워셔블먼지필터/[배터리] 사용시간: 55분(최대)/분리형(1개)/리튬이온/[흡입구] 일반/추가브러쉬: 틈새브러쉬/[색상/크기] 색상: 노블화이트/무게: 1.85kg/크기(가로x세로x깊이): 240x1168x260mm",175000
로보락 H60 Pro,"핸디스틱청소기/무선/흡입+물걸레(교체)/흡입력: 45,000Pa/스테이션: 먼지비움, 충전, 스탠드거치/먼지봉투: 3L/LED라이트/싸이클론흡입/UV살균/BLDC모터/워셔블헤파필터/[배터리] 사용시간: 50분(최대)/분리형(1개)/[흡입구] 일반/추가브러쉬: 침구브러쉬, 틈새브러쉬, 패브릭브러쉬/물걸레: 별매/[색상/크기] 색상: 화이트/무게: 2.5kg/크기(가로x세로x깊이): 245x1275x210mm",225500
테팔 에어포스 라이트 TY6547KM,"핸디스틱청소기/무선/흡입+물걸레(교체)/흡입력: 45,000Pa/스테이션: 먼지비움, 충전, 스탠드거치/먼지봉투: 3L/LED라이트/싸이클론흡입/UV살균/BLDC모터/워셔블헤파필터/[배터리] 사용시간: 50분(최대)/분리형(1개)/[흡입구] 일반/추가브러쉬: 침구브러쉬, 틈새브러쉬, 패브릭브러쉬/물걸레: 별매/[색상/크기] 색상: 화이트/무게: 2.5kg/크기(가로x세로x깊이): 245x1275x210mm",265000
신일전자 SVC-S350IM,"핸디스틱청소기/무선/흡입전용/흡입력: 150W/스테이션: 충전, 스탠드거치, 액서서리&배터리거치/싸이클론흡입/스마트인버터모터/[배터리] 사용시간: 40분(최대)/분리형(1개)/리튬이온/[흡입구] 일반/추가브러쉬: 솔형브러쉬, 틈새브러쉬, 틈새(내장형)브러쉬/[색상/크기] 색상: 에센스화이트/무게: 1.97kg/크기(가로x세로x깊이): 251x1026x242mm",645000
샤크닌자 샤크 에보파워 시스템 부스트+ LC751KRLV,"핸디스틱청소기/무선/흡입전용/흡입력: 150W/스테이션: 충전, 스탠드거치, 액서서리&배터리거치/싸이클론흡입/스마트인버터모터/[배터리] 사용시간: 40분(최대)/분리형(1개)/리튬이온/[흡입구] 일반/추가브러쉬: 솔형브러쉬, 틈새브러쉬, 틈새(내장형)브러쉬/[색상/크기] 색상: 에센스화이트/무게: 1.97kg/크기(가로x세로x깊이): 251x1026x242mm",1370340
쿠쿠전자 파워클론 포스 CVC-F20FF30NW,"핸디스틱청소기/무선/흡입전용/흡입력: 60W/스테이션: 충전, 스탠드거치/먼지필터/[배터리] 사용시간: 20분(최대)/니켈수소/[흡입구] 일반/추가브러쉬: 틈새브러쉬, 연장관/[색상/크기] 무게: 1.3kg/크기(가로x세로x깊이): 144x387x136mm",378040
LG전자 오브제컬렉션 코드제로 A9S AX947AWE,"핸디스틱청소기/무선/흡입전용/흡입력: 60W/스테이션: 충전, 스탠드거치/먼지필터/[배터리] 사용시간: 20분(최대)/니켈수소/[흡입구] 일반/추가브러쉬: 틈새브러쉬, 연장관/[색상/크기] 무게: 1.3kg/크기(가로x세로x깊이): 144x387x136mm",334050
LG전자 오브제컬렉션 코드제로 A9S AU920CWD,"핸디스틱청소기/무선/흡입전용/흡입력: 10,500Pa/스테이션: 스탠드거치, 액서서리&배터리거치/LED라이트/워셔블헤파필터/[배터리] 사용시간: 35분(최대)/리튬이온/[흡입구] 일반/추가브러쉬: 솔형브러쉬, 틈새브러쉬/[색상/크기] 색상: 화이트, 블랙",389000
다이슨 펜슬백 플러피,"핸디스틱청소기/무선/흡입전용/흡입력: 10,500Pa/스테이션: 스탠드거치, 액서서리&배터리거치/LED라이트/워셔블헤파필터/[배터리] 사용시간: 35분(최대)/리튬이온/[흡입구] 일반/추가브러쉬: 솔형브러쉬, 틈새브러쉬/[색상/크기] 색상: 화이트, 블랙",397800
캐치웰 에이센스 VC234 MJ35-7S20,"핸디스틱청소기/무선/흡입+물걸레(동시)/흡입력: 320W/스테이션: 먼지비움, 충전, 액서서리수납, 스탠드거치/먼지비움시간: 30초/AI청소/LED라이트/오토스탑앤고/먼지감지센서/자동물공급/스마트인버터모터/[배터리] 사용시간: 30분(최대)/분리형(1개)/리튬이온/[흡입구] 와이드/추가브러쉬: 솔형브러쉬, 틈새브러쉬/물걸레: 포함/[색상/크기] 색상: 크림스카이/무게: 2.54kg/크기(가로x세로x깊이): 300x1100x245mm",199000
비브르 스톰파워 V50,"핸디스틱청소기/무선/흡입+물걸레(동시)/흡입력: 320W/스테이션: 먼지비움, 충전, 액서서리수납, 스탠드거치/먼지비움시간: 30초/AI청소/LED라이트/오토스탑앤고/먼지감지센서/자동물공급/스마트인버터모터/[배터리] 사용시간: 30분(최대)/분리형(1개)/리튬이온/[흡입구] 와이드/추가브러쉬: 솔형브러쉬, 틈새브러쉬/물걸레: 포함/[색상/크기] 색상: 크림스카이/무게: 2.54kg/크기(가로x세로x깊이): 300x1100x245mm",81000
호이드 오브제 HO-VC2506,"핸디스틱청소기/무선/흡입+물걸레(건습식)/흡입력: 75W(22,000Pa)/스테이션: 스탠드거치/AI청소/LED라이트/먼지감지센서/[배터리] 사용시간: 1시간(최대)/[흡입구] 롤러/액체흡입/스팀/고온/브러쉬자동세척/브러쉬자동건조/자동세제투입/베젤리스브러쉬/[색상/크기] 색상: 블랙/무게: 5.6kg/크기(가로x세로x깊이): 265x1096x246mm",178100
테팔 엑스콤보 GF3038,"핸디스틱청소기/무선/흡입+물걸레(건습식)/흡입력: 75W(22,000Pa)/스테이션: 스탠드거치/AI청소/LED라이트/먼지감지센서/[배터리] 사용시간: 1시간(최대)/[흡입구] 롤러/액체흡입/스팀/고온/브러쉬자동세척/브러쉬자동건조/자동세제투입/베젤리스브러쉬/[색상/크기] 색상: 블랙/무게: 5.6kg/크기(가로x세로x깊이): 265x1096x246mm",798000
삼성전자 비스포크 제트 AI Lite VS28D950HCB,"핸디스틱청소기/무선/흡입+물걸레(동시)/흡입력: 250W/스테이션: 먼지비움, 충전, UVC LED, 액서서리수납, 스탠드거치/먼지비움시간: 30초/먼지봉투: 2.5L/LED라이트/싸이클론흡입/자동물공급/스마트인버터모터/워셔블헤파필터/[배터리] 사용시간: 30분(최대)/분리형(2개)/리튬이온/[흡입구] 와이드/추가브러쉬: 솔형브러쉬, 틈새브러쉬/물걸레: 포함/스팀/고온/[색상/크기] 색상: 카밍베이지/무게: 2.47kg/크기(가로x세로x깊이): 300x1120x245mm/출시가: 1,510,000원",308000
삼성전자 비스포크 제트 AI VS28C973GSK,"핸디스틱청소기/무선/흡입+물걸레(동시)/흡입력: 250W/스테이션: 먼지비움, 충전, UVC LED, 액서서리수납, 스탠드거치/먼지비움시간: 30초/먼지봉투: 2.5L/LED라이트/싸이클론흡입/자동물공급/스마트인버터모터/워셔블헤파필터/[배터리] 사용시간: 30분(최대)/분리형(2개)/리튬이온/[흡입구] 와이드/추가브러쉬: 솔형브러쉬, 틈새브러쉬/물걸레: 포함/스팀/고온/[색상/크기] 색상: 카밍베이지/무게: 2.47kg/크기(가로x세로x깊이): 300x1120x245mm/출시가: 1,510,000원",1081580
쿠쿠전자 파워클론 CVC-AME1420NW,"핸디스틱청소기/무선/흡입전용/흡입력: 14,000Pa/LED라이트/BLDC모터/워셔블먼지필터/[배터리] 사용시간: 20분(최대)/내장형/리튬이온/[흡입구] 일반/추가브러쉬: 솔형브러쉬, 틈새브러쉬, 미니브러쉬, 연장관/[색상/크기] 색상: 화이트/무게: 0.65g/크기(가로x세로x깊이): 200x1100X91mm",759500
비즈포비즈 클래파 더 라이트 CVC-S230,"핸디스틱청소기/무선/흡입전용/흡입력: 14,000Pa/LED라이트/BLDC모터/워셔블먼지필터/[배터리] 사용시간: 20분(최대)/내장형/리튬이온/[흡입구] 일반/추가브러쉬: 솔형브러쉬, 틈새브러쉬, 미니브러쉬, 연장관/[색상/크기] 색상: 화이트/무게: 0.65g/크기(가로x세로x깊이): 200x1100X91mm",639580
LG전자 오브제컬렉션 코드제로 A9S AS927CWD,"핸디스틱청소기/무선/흡입전용/스테이션: 스탠드거치/싸이클론흡입/BLDC모터/헤파필터/[배터리] 사용시간: 1시간(최대)/[흡입구] 일반/추가브러쉬: 침구브러쉬, 솔형브러쉬, 틈새브러쉬, 연장관, 각도조절툴/[색상/크기] 색상: 화이트/무게: 2.3kg/크기(가로x세로x깊이): 256x1243x133mm",118000
아이닉 i50 AI 디텍트,"핸디스틱청소기/무선/흡입전용/스테이션: 스탠드거치/싸이클론흡입/BLDC모터/헤파필터/[배터리] 사용시간: 1시간(최대)/[흡입구] 일반/추가브러쉬: 침구브러쉬, 솔형브러쉬, 틈새브러쉬, 연장관, 각도조절툴/[색상/크기] 색상: 화이트/무게: 2.3kg/크기(가로x세로x깊이): 256x1243x133mm",179000
LG전자 코드제로 A5 AS527WA,"핸디스틱청소기/무선/흡입전용/흡입력: 100W/스테이션: 충전, 스탠드거치/싸이클론흡입/[배터리] 사용시간: 40분(최대)/분리형(1개)/[흡입구] 레이저/추가브러쉬: 펫브러쉬, 솔형브러쉬, 틈새브러쉬/[색상/크기] 색상: 퍼플/퍼플/무게: 1.9kg/크기(가로x세로x깊이): 215x917x341mm/출시가: 699,000원",295960
LG전자 오브제컬렉션 코드제로 A9S AU957CWD,"핸디스틱청소기/무선/흡입전용/흡입력: 100W/스테이션: 충전, 스탠드거치/싸이클론흡입/[배터리] 사용시간: 40분(최대)/분리형(1개)/[흡입구] 레이저/추가브러쉬: 펫브러쉬, 솔형브러쉬, 틈새브러쉬/[색상/크기] 색상: 퍼플/퍼플/무게: 1.9kg/크기(가로x세로x깊이): 215x917x341mm/출시가: 699,000원",249000
샤크닌자 샤크 에보 파워 시스템 NEO LC200KR,스틱청소기/무선/흡입+물걸레(교체)/흡입력: 150W/싸이클론흡입/디지털인버터모터/먼지필터/[배터리] 사용시간: 50분(최대)/내장형/리튬이온/[흡입구] 일반/추가브러쉬: 틈새브러쉬/물걸레: 별매/[색상/크기] 색상: 그리너리/무게: 2.6kg/크기(가로x세로x깊이): 250x1143x194mm,1360610
삼성전자 비스포크 제트 AI VS25C972DRE,스틱청소기/무선/흡입+물걸레(교체)/흡입력: 150W/싸이클론흡입/디지털인버터모터/먼지필터/[배터리] 사용시간: 50분(최대)/내장형/리튬이온/[흡입구] 일반/추가브러쉬: 틈새브러쉬/물걸레: 별매/[색상/크기] 색상: 그리너리/무게: 2.6kg/크기(가로x세로x깊이): 250x1143x194mm,229000
도어스코리아 홈리아 더스트제로 220BL,핸디스틱청소기/무선/흡입전용/LED라이트/싸이클론흡입/헤파필터/[배터리] 사용시간: 30분(최대)/리튬이온/[흡입구] 일반/[색상/크기] 색상: 블랙/무게: 2.31kg/크기(가로x세로x깊이): 260x1092x220 mm,839980
한경희생활과학 파워슬림 듀얼 글라이드 제로 HTVC-3000,핸디스틱청소기/무선/흡입전용/LED라이트/싸이클론흡입/헤파필터/[배터리] 사용시간: 30분(최대)/리튬이온/[흡입구] 일반/[색상/크기] 색상: 블랙/무게: 2.31kg/크기(가로x세로x깊이): 260x1092x220 mm,999000
드리미 Z10 스테이션 VPV17A,"핸디스틱청소기/무선/흡입전용/흡입력: 210W/스테이션: 스탠드거치, 액서서리&배터리거치/LED라이트/싸이클론흡입/인버터모터/워셔블먼지필터/[배터리] 사용시간: 1시간(최대)/리튬이온/[흡입구] 일반/전방향회전/추가브러쉬: 솔브러쉬, 틈새브러쉬/[색상/크기] 색상: 새틴 블랙/무게: 2.51kg/크기(가로x세로x깊이): 250x930x202mm",201990
LG전자 오브제컬렉션 코드제로 A9 AI AI948BA,"핸디스틱청소기/무선/흡입전용/흡입력: 210W/스테이션: 스탠드거치, 액서서리&배터리거치/LED라이트/싸이클론흡입/인버터모터/워셔블먼지필터/[배터리] 사용시간: 1시간(최대)/리튬이온/[흡입구] 일반/전방향회전/추가브러쉬: 솔브러쉬, 틈새브러쉬/[색상/크기] 색상: 새틴 블랙/무게: 2.51kg/크기(가로x세로x깊이): 250x930x202mm",130240
드리미 V10S,"핸디스틱청소기/무선/흡입전용/흡입력: 130W/스테이션: 충전, 스탠드거치, 액서서리&배터리거치/싸이클론흡입/하이퍼미디움/헤파필터/[배터리] 사용시간: 1시간(최대)/분리형(1개)/[흡입구] 일반/추가브러쉬: 침구브러쉬, 펫브러쉬, 솔형브러쉬, 틈새브러쉬/[색상/크기] 색상: 니켈/퍼플/무게: 2.2kg/크기(가로x세로x깊이): 250x1264x252mm",576070
샤크닌자 샤크 에보 파워 시스템 IQ CS851 AED,"핸디스틱청소기/무선/흡입전용/흡입력: 130W/스테이션: 충전, 스탠드거치, 액서서리&배터리거치/싸이클론흡입/하이퍼미디움/헤파필터/[배터리] 사용시간: 1시간(최대)/분리형(1개)/[흡입구] 일반/추가브러쉬: 침구브러쉬, 펫브러쉬, 솔형브러쉬, 틈새브러쉬/[색상/크기] 색상: 니켈/퍼플/무게: 2.2kg/크기(가로x세로x깊이): 250x1264x252mm",176500
삼성전자 비스포크 제트 AI VS30D973HRE,"핸디스틱청소기/무선/흡입+물걸레(동시)/흡입력: 45,000Pa/LED라이트/UV살균/BLDC모터/워셔블헤파필터/[배터리] 사용시간: 1시간2분(최대)/분리형(1개)/리튬이온/[흡입구] 일반/전방향회전/추가브러쉬: 침구브러쉬, 솔브러쉬, 틈새브러쉬, 카펫브러쉬, 패브릭브러쉬/물걸레: 포함/[색상/크기] 색상: 화이트/무게: 2.5kg/크기(가로x세로x깊이): 245x1275x210mm",248000
나르왈 S30 Pro,"핸디스틱청소기/무선/흡입+물걸레(동시)/흡입력: 45,000Pa/LED라이트/UV살균/BLDC모터/워셔블헤파필터/[배터리] 사용시간: 1시간2분(최대)/분리형(1개)/리튬이온/[흡입구] 일반/전방향회전/추가브러쉬: 침구브러쉬, 솔브러쉬, 틈새브러쉬, 카펫브러쉬, 패브릭브러쉬/물걸레: 포함/[색상/크기] 색상: 화이트/무게: 2.5kg/크기(가로x세로x깊이): 245x1275x210mm",488740
JONR S20 Pro,"핸디스틱청소기/무선/흡입+물걸레(교체)/흡입력: 43,000Pa/스테이션: 먼지비움, 충전, 스탠드거치, 액서서리&배터리거치/LED라이트/싸이클론흡입/UV살균/BLDC모터/헤파필터/[배터리] 사용시간: 25분(최대)/분리형(1개)/리튬이온/[흡입구] 일반/추가브러쉬: 솔브러쉬, 틈새브러쉬, 패브릭브러쉬/물걸레: 별매/[색상/크기] 색상: 화이트/무게: 2.7kg/정전기방지패드/크기(가로x세로x깊이): 250x1250x200mm",870000
롯데하이마트 하이메이드 HV-JH14G,"핸디스틱청소기/무선/흡입+물걸레(교체)/흡입력: 43,000Pa/스테이션: 먼지비움, 충전, 스탠드거치, 액서서리&배터리거치/LED라이트/싸이클론흡입/UV살균/BLDC모터/헤파필터/[배터리] 사용시간: 25분(최대)/분리형(1개)/리튬이온/[흡입구] 일반/추가브러쉬: 솔브러쉬, 틈새브러쉬, 패브릭브러쉬/물걸레: 별매/[색상/크기] 색상: 화이트/무게: 2.7kg/정전기방지패드/크기(가로x세로x깊이): 250x1250x200mm",986000
LG전자 오브제컬렉션 코드제로 A7 Core A730WA,"욕실청소기/무선/전동회전/회전속도: 220RPM/사용시간: 50분(최대)/리튬이온/[색상/크기] 색상: 화이트/무게: 0.86kg/브러쉬: 원형, 평면, 틈새",398800
쿠쿠전자 파워클론 미니 CVC-EH20NG,"욕실청소기/무선/전동회전/회전속도: 220RPM/사용시간: 50분(최대)/리튬이온/[색상/크기] 색상: 화이트/무게: 0.86kg/브러쉬: 원형, 평면, 틈새",940000
일렉트로룩스 얼티밋홈 800 EFW81713,"핸디스틱청소기/무선/흡입+물걸레(교체)/흡입력: 280W/스테이션: 먼지비움, 충전, 액서서리수납, 스탠드거치/먼지비움시간: 30초/먼지봉투: 2.5L/LED라이트/싸이클론흡입/오토스탑앤고/스마트인버터모터/워셔블헤파필터/[배터리] 사용시간: 30분(최대)/분리형(1개)/리튬이온/[흡입구] 와이드/추가브러쉬: 솔형브러쉬, 틈새브러쉬/물걸레: 별매/[색상/크기] 색상: 에센스화이트/무게: 2.49kg/크기(가로x세로x깊이): 300x1100x245mm/출시가: 1,160,000원",110490
책상 지우개 똥가루 청소기,"핸디스틱청소기/무선/흡입+물걸레(교체)/흡입력: 280W/스테이션: 먼지비움, 충전, 액서서리수납, 스탠드거치/먼지비움시간: 30초/먼지봉투: 2.5L/LED라이트/싸이클론흡입/오토스탑앤고/스마트인버터모터/워셔블헤파필터/[배터리] 사용시간: 30분(최대)/분리형(1개)/리튬이온/[흡입구] 와이드/추가브러쉬: 솔형브러쉬, 틈새브러쉬/물걸레: 별매/[색상/크기] 색상: 에센스화이트/무게: 2.49kg/크기(가로x세로x깊이): 300x1100x245mm/출시가: 1,160,000원",249000
드리미 V11,"핸디스틱청소기/무선/흡입+물걸레(동시)/흡입력: 22,000Pa/스테이션: 벽걸이거치/LED라이트/BLDC모터/헤파필터/[배터리] 사용시간: 30분(최대)/분리형(1개)/리튬이온/[흡입구] 전방향회전/추가브러쉬: 솔형브러쉬, 틈새브러쉬/물걸레: 포함, 별매/[색상/크기] 색상: 화이트/무게: 1.5kg",296650
샤오미 VIOMI 하이엔드 A9,"핸디스틱청소기/무선/흡입+물걸레(동시)/흡입력: 22,000Pa/스테이션: 벽걸이거치/LED라이트/BLDC모터/헤파필터/[배터리] 사용시간: 30분(최대)/분리형(1개)/리튬이온/[흡입구] 전방향회전/추가브러쉬: 솔형브러쉬, 틈새브러쉬/물걸레: 포함, 별매/[색상/크기] 색상: 화이트/무게: 1.5kg",464220
쿠쿠전자 파워클론 포스 CVC-F2020NWM,"핸디스틱청소기/무선/흡입전용/스테이션: 충전, 스탠드거치/LED라이트/먼지필터/[배터리] 사용시간: 35분(최대)/내장형/리튬이온/[흡입구] 일반/추가브러쉬: 틈새브러쉬/[색상/크기] 색상: 데님블루/무게: 2.5kg/크기(가로x세로x깊이): 299x689x165mm",1162620
Voltmate 무선청소기,"핸디스틱청소기/무선/흡입전용/스테이션: 충전, 스탠드거치/LED라이트/먼지필터/[배터리] 사용시간: 35분(최대)/내장형/리튬이온/[흡입구] 일반/추가브러쉬: 틈새브러쉬/[색상/크기] 색상: 데님블루/무게: 2.5kg/크기(가로x세로x깊이): 299x689x165mm",149000
일렉트로룩스 700 라이트 올인원 스테이션 EFP72315S,"핸디스틱청소기/무선/흡입전용/흡입력: 115W/스테이션: 충전, 벽걸이거치/싸이클론흡입/먼지필터/[배터리] 사용시간: 40분(최대)/리튬이온/[흡입구] 일반/추가브러쉬: 솔형브러쉬, 틈새브러쉬/[색상/크기] 색상: 실버/레드/무게: 2.5kg/크기(가로x세로x깊이): 250x1256x221mm",129500
삼성전자 비스포크 제트 AI Lite VS28D950AIW,"핸디스틱청소기/무선/흡입전용/흡입력: 115W/스테이션: 충전, 벽걸이거치/싸이클론흡입/먼지필터/[배터리] 사용시간: 40분(최대)/리튬이온/[흡입구] 일반/추가브러쉬: 솔형브러쉬, 틈새브러쉬/[색상/크기] 색상: 실버/레드/무게: 2.5kg/크기(가로x세로x깊이): 250x1256x221mm",609000
LG전자 오브제컬렉션 A9S AX927AWE,"핸디스틱청소기/무선/흡입+물걸레(교체)/흡입력: 310W/스테이션: 먼지비움, 싸이클론비움, 충전, UVC LED, 스탠드거치/먼지비움시간: 14초/먼지봉투: 1.2L/AI청소/LED라이트/싸이클론흡입/물분사/디지털인버터모터/워셔블헤파필터/[배터리] 사용시간: 1시간40분(대용량배터리기준)(최대)/분리형(2개)/리튬이온/[흡입구] 일반/추가브러쉬: 솔형브러쉬, 틈새브러쉬/물걸레: 포함/고온/[색상/크기] 색상: 새틴그레이지/크기(가로x세로x깊이): 250x970x243mm/출시가: 1,649,000원",910030
디베아 THE NEW,"핸디스틱청소기/무선/흡입+물걸레(교체)/흡입력: 310W/스테이션: 먼지비움, 싸이클론비움, 충전, UVC LED, 스탠드거치/먼지비움시간: 14초/먼지봉투: 1.2L/AI청소/LED라이트/싸이클론흡입/물분사/디지털인버터모터/워셔블헤파필터/[배터리] 사용시간: 1시간40분(대용량배터리기준)(최대)/분리형(2개)/리튬이온/[흡입구] 일반/추가브러쉬: 솔형브러쉬, 틈새브러쉬/물걸레: 포함/고온/[색상/크기] 색상: 새틴그레이지/크기(가로x세로x깊이): 250x970x243mm/출시가: 1,649,000원",549000
삼성전자 비스포크 제트 AI VS30D973JSG,"핸디청소기/무선/흡입전용/스테이션: 충전, 스탠드거치, 액서서리&배터리거치/BLDC모터/워셔블먼지필터/[배터리] 사용시간: 8분(최대)/분리형(1개)/리튬이온/[흡입구] 추가브러쉬: 솔형브러쉬, 틈새브러쉬, 패브릭브러쉬/[색상/크기] 색상: 블랙/무게: 0.6kg/크기(가로x세로x깊이): 65x422x64mm",189000
삼성전자 비스포크 제트 AI VS25C972HRG,"핸디청소기/무선/흡입전용/스테이션: 충전, 스탠드거치, 액서서리&배터리거치/BLDC모터/워셔블먼지필터/[배터리] 사용시간: 8분(최대)/분리형(1개)/리튬이온/[흡입구] 추가브러쉬: 솔형브러쉬, 틈새브러쉬, 패브릭브러쉬/[색상/크기] 색상: 블랙/무게: 0.6kg/크기(가로x세로x깊이): 65x422x64mm",75060
삼성전자 비스포크 제트 AI VS90F40CSG,"핸디스틱청소기/무선/흡입전용/흡입력: 200W/스테이션: 충전, 벽걸이거치/싸이클론흡입/하이퍼미디움모터/워셔블헤파필터/[배터리] 사용시간: 1시간(최대)/분리형(1개)/[흡입구] 일반/추가브러쉬: 솔형브러쉬, 틈새브러쉬/[색상/크기] 색상: 니켈/레드/무게: 3kg/크기(가로x세로x깊이): 267x1272x250mm",798800
마이디어 MP07KRBK,"핸디스틱청소기/무선/흡입전용/흡입력: 200W/스테이션: 충전, 벽걸이거치/싸이클론흡입/하이퍼미디움모터/워셔블헤파필터/[배터리] 사용시간: 1시간(최대)/분리형(1개)/[흡입구] 일반/추가브러쉬: 솔형브러쉬, 틈새브러쉬/[색상/크기] 색상: 니켈/레드/무게: 3kg/크기(가로x세로x깊이): 267x1272x250mm",125020
에어르 슬릭,"핸디스틱청소기/무선/흡입전용/흡입력: 140W/스테이션: 충전, 스탠드거치, 액서서리&배터리거치/싸이클론흡입/먼지감지센서/워셔블헤파필터/[배터리] 사용시간: 1시간(최대)/분리형(1개)/[흡입구] 레이저/추가브러쉬: 펫브러쉬, 솔형브러쉬, 틈새브러쉬, 카펫브러쉬/[색상/크기] 색상: 골드/골드/무게: 2.2kg/크기(가로x세로x깊이): 250x1264x252mm",399000
삼성전자 비스포크 제트 AI VS30D973HRH,"핸디스틱청소기/무선/흡입전용/흡입력: 140W/스테이션: 충전, 스탠드거치, 액서서리&배터리거치/싸이클론흡입/먼지감지센서/워셔블헤파필터/[배터리] 사용시간: 1시간(최대)/분리형(1개)/[흡입구] 레이저/추가브러쉬: 펫브러쉬, 솔형브러쉬, 틈새브러쉬, 카펫브러쉬/[색상/크기] 색상: 골드/골드/무게: 2.2kg/크기(가로x세로x깊이): 250x1264x252mm",5530
다이슨 V16 피스톤 애니멀 서브마린 DS60,"핸디스틱청소기/무선/흡입전용/흡입력: 280W/스테이션: 먼지비움, 충전, UVC LED, 스탠드거치, 액서서리&배터리거치/먼지비움시간: 14초/먼지봉투: 1.2L/AI청소/LED라이트/싸이클론흡입/먼지감지센서/워셔블먼지필터/[배터리] 사용시간: 30분(최대)/분리형(1개)/리튬이온/[흡입구] 일반/추가브러쉬: 솔형브러쉬, 틈새브러쉬/[색상/크기] 색상: 페블그레이/무게: 2.3kg/크기(가로x세로x깊이): 300x1055x300mm",183000
테팔 엑스퍼트 3.60 플러피 TY6961,"핸디스틱청소기/무선/흡입전용/흡입력: 280W/스테이션: 먼지비움, 충전, UVC LED, 스탠드거치, 액서서리&배터리거치/먼지비움시간: 14초/먼지봉투: 1.2L/AI청소/LED라이트/싸이클론흡입/먼지감지센서/워셔블먼지필터/[배터리] 사용시간: 30분(최대)/분리형(1개)/리튬이온/[흡입구] 일반/추가브러쉬: 솔형브러쉬, 틈새브러쉬/[색상/크기] 색상: 페블그레이/무게: 2.3kg/크기(가로x세로x깊이): 300x1055x300mm",178980
BONJOUR LT-113CG-T,"핸디스틱청소기/무선/흡입전용/스테이션: 충전, 스탠드거치/LED라이트/싸이클론흡입/먼지필터/[배터리] 사용시간: 45분(최대)/내장형/리튬이온/[흡입구] 일반/추가브러쉬: 솔형브러쉬, 틈새브러쉬/[색상/크기] 색상: 그라나이트그레이/무게: 2.65kg/크기(가로x세로x깊이): 250x1105x140mm",246700
비즈포비즈 클래파 더 라이트 BVC-S185,"핸디스틱청소기/무선/흡입전용/스테이션: 충전, 스탠드거치/LED라이트/싸이클론흡입/먼지필터/[배터리] 사용시간: 45분(최대)/내장형/리튬이온/[흡입구] 일반/추가브러쉬: 솔형브러쉬, 틈새브러쉬/[색상/크기] 색상: 그라나이트그레이/무게: 2.65kg/크기(가로x세로x깊이): 250x1105x140mm",38380
테팔 엑스나노 TY1132KO,"핸디스틱청소기/무선/흡입전용/흡입력: 256W/스테이션: 먼지비움, 충전, 스탠드거치, 액서서리&배터리거치/AI청소/LED라이트/먼지감지센서/UV살균/BLDC모터/헤파필터/[배터리] 사용시간: 53분(최대)/분리형(1개)/[흡입구] 일반/추가브러쉬: 침구브러쉬, 솔형브러쉬, 틈새브러쉬/[색상/크기] 색상: 화이트/무게: 2.5kg/크기(가로x세로x깊이): 252x1190x185mm",551080
무궁화전자 바로바로 MC-B100,"핸디스틱청소기/무선/흡입전용/흡입력: 256W/스테이션: 먼지비움, 충전, 스탠드거치, 액서서리&배터리거치/AI청소/LED라이트/먼지감지센서/UV살균/BLDC모터/헤파필터/[배터리] 사용시간: 53분(최대)/분리형(1개)/[흡입구] 일반/추가브러쉬: 침구브러쉬, 솔형브러쉬, 틈새브러쉬/[색상/크기] 색상: 화이트/무게: 2.5kg/크기(가로x세로x깊이): 252x1190x185mm",725990
신일전자 SVC-680G,"핸디스틱청소기/무선/흡입+물걸레(동시)/흡입력: 220W/스테이션: 먼지비움, 충전, 액서서리수납, 스탠드거치/먼지비움시간: 30초/먼지봉투: 2.5L/싸이클론흡입/스마트인버터모터/[배터리] 사용시간: 1시간(최대)/분리형(1개)/리튬이온/[흡입구] 일반/추가브러쉬: 솔형브러쉬, 틈새브러쉬/물걸레: 포함/[색상/크기] 색상: 에센스그라파이트/무게: 2.47kg/크기(가로x세로x깊이): 250x1120x260mm",805005
거보아이엔씨 홈마블 H80,"핸디스틱청소기/무선/흡입+물걸레(동시)/흡입력: 220W/스테이션: 먼지비움, 충전, 액서서리수납, 스탠드거치/먼지비움시간: 30초/먼지봉투: 2.5L/싸이클론흡입/스마트인버터모터/[배터리] 사용시간: 1시간(최대)/분리형(1개)/리튬이온/[흡입구] 일반/추가브러쉬: 솔형브러쉬, 틈새브러쉬/물걸레: 포함/[색상/크기] 색상: 에센스그라파이트/무게: 2.47kg/크기(가로x세로x깊이): 250x1120x260mm",169000
테팔 에어포스360 라이트 아쿠아 TY5586,"핸디스틱청소기/무선/흡입력: 400W/스테이션: 싸이클론비움, 충전, UVC LED, 스탠드거치, 액서서리&배터리거치/먼지비움시간: 14초/먼지봉투: 1.2L/AI청소/LED라이트/먼지감지센서/물분사/디지털인버터모터/워셔블먼지필터/[배터리] 사용시간: 1시간40분(최대)/분리형(2개)/리튬이온/[흡입구] 일반/추가브러쉬: 펫브러쉬, 솔형브러쉬, 틈새브러쉬, 각도조절툴/물걸레: 포함/고온/[색상/크기] 색상: 새틴그레이지/무게: 2.5kg/크기(가로x세로x깊이): 250x970x243mm",899000
일렉트로룩스 Well Q8 WQ81-3OMBF,"핸디스틱청소기/무선/흡입력: 400W/스테이션: 싸이클론비움, 충전, UVC LED, 스탠드거치, 액서서리&배터리거치/먼지비움시간: 14초/먼지봉투: 1.2L/AI청소/LED라이트/먼지감지센서/물분사/디지털인버터모터/워셔블먼지필터/[배터리] 사용시간: 1시간40분(최대)/분리형(2개)/리튬이온/[흡입구] 일반/추가브러쉬: 펫브러쉬, 솔형브러쉬, 틈새브러쉬, 각도조절툴/물걸레: 포함/고온/[색상/크기] 색상: 새틴그레이지/무게: 2.5kg/크기(가로x세로x깊이): 250x970x243mm",788990
LG전자 오브제컬렉션 코드제로 A7 Core A720TA,스틱청소기/무선/흡입+물걸레(동시)/스테이션: 스탠드거치/LED라이트/[배터리] 사용시간: ~30분(최대)/분리형(1개)/리튬이온/[흡입구] 액체흡입/물걸레: 포함/브러쉬자동세척/[색상/크기] 색상: 그레이&블랙/크기(가로x세로x깊이): 315x1125x320mm,1229000
샤크닌자 샤크 에보 파워 시스템 STD+ CS151KRGYAE,스틱청소기/무선/흡입+물걸레(동시)/스테이션: 스탠드거치/LED라이트/[배터리] 사용시간: ~30분(최대)/분리형(1개)/리튬이온/[흡입구] 액체흡입/물걸레: 포함/브러쉬자동세척/[색상/크기] 색상: 그레이&블랙/크기(가로x세로x깊이): 315x1125x320mm,215000
신일전자 SVC-PB220WU,"핸디스틱청소기/무선/흡입전용/BLDC모터/먼지필터/[배터리] 사용시간: 60분(최대)/리튬이온/[흡입구] 일반/추가브러쉬: 침구브러쉬, 펫브러쉬, 틈새브러쉬/[색상/크기] 색상: 블루, 오렌지/무게: 2kg/크기(가로x세로x깊이): 476x1057x205mm",298000
삼성전자 제트 VS15A6031N5,"핸디스틱청소기/무선/흡입전용/BLDC모터/먼지필터/[배터리] 사용시간: 60분(최대)/리튬이온/[흡입구] 일반/추가브러쉬: 침구브러쉬, 펫브러쉬, 틈새브러쉬/[색상/크기] 색상: 블루, 오렌지/무게: 2kg/크기(가로x세로x깊이): 476x1057x205mm",899440
비룸 퓨어라이트 V9-B1,"핸디스틱청소기/무선/흡입전용/흡입력: 150W/스테이션: 충전, 스탠드거치, 액서서리&배터리거치/싸이클론흡입/스마트인버터모터/[배터리] 사용시간: 40분(최대)/분리형(1개)/리튬이온/[흡입구] 일반/추가브러쉬: 솔형브러쉬, 틈새브러쉬, 틈새(내장형)브러쉬/[색상/크기] 색상: 카밍베이지/무게: 1.97kg/크기(가로x세로x깊이): 251x1026x242mm/출시가: 690,000원",1370000
쿠팡 홈플래닛 WL05,"핸디스틱청소기/무선/흡입전용/흡입력: 150W/스테이션: 충전, 스탠드거치, 액서서리&배터리거치/싸이클론흡입/스마트인버터모터/[배터리] 사용시간: 40분(최대)/분리형(1개)/리튬이온/[흡입구] 일반/추가브러쉬: 솔형브러쉬, 틈새브러쉬, 틈새(내장형)브러쉬/[색상/크기] 색상: 카밍베이지/무게: 1.97kg/크기(가로x세로x깊이): 251x1026x242mm/출시가: 690,000원",88020
델로라 V11 파워 300W,"핸디스틱청소기/무선/흡입전용/흡입력: 170W/스테이션: 벽걸이거치, 액서서리&배터리거치/LED라이트/싸이클론흡입/워셔블헤파필터/[배터리] 사용시간: 1시간20분(최대)/분리형(1개)/리튬이온/[흡입구] 레이저/바닥+카펫/추가브러쉬: 솔브러쉬, 틈새브러쉬, 미니브러쉬/[색상/크기] 색상: 화이트/무게: 3.5kg/크기(가로x세로x깊이): 293x1162x250mm",25800
테팔 에어포스360라이트 TY5510,"핸디스틱청소기/무선/흡입전용/흡입력: 170W/스테이션: 벽걸이거치, 액서서리&배터리거치/LED라이트/싸이클론흡입/워셔블헤파필터/[배터리] 사용시간: 1시간20분(최대)/분리형(1개)/리튬이온/[흡입구] 레이저/바닥+카펫/추가브러쉬: 솔브러쉬, 틈새브러쉬, 미니브러쉬/[색상/크기] 색상: 화이트/무게: 3.5kg/크기(가로x세로x깊이): 293x1162x250mm",100000
케이안 다룸 제로컬렉션,스틱청소기/무선/흡입전용/LED라이트/싸이클론흡입/먼지필터/[배터리] 사용시간: 30분(최대)/리튬이온/[흡입구] 일반/[색상/크기] 색상: 화이트/무게: 2.31kg/크기(가로x세로x깊이): 140x720x290 mm,116040
LG전자 오브제컬렉션 코드제로 A9 AI AI927WA,스틱청소기/무선/흡입전용/LED라이트/싸이클론흡입/먼지필터/[배터리] 사용시간: 30분(최대)/리튬이온/[흡입구] 일반/[색상/크기] 색상: 화이트/무게: 2.31kg/크기(가로x세로x깊이): 140x720x290 mm,25500
쿠쿠전자 파워클론 올 클린 CVC-ANLEM1420W,"핸디스틱청소기/무선/흡입+물걸레(교체)/흡입력: 350W/스테이션: 충전, 스탠드거치, 액서서리&배터리거치/LED라이트/싸이클론흡입/먼지감지센서/BLDC모터/헤파필터/[배터리] 사용시간: 60(최대)/분리형(1개)/리튬이온/[흡입구] 전방향회전/추가브러쉬: 솔형브러쉬, 틈새브러쉬/물걸레: 별매/[색상/크기] 색상: 화이트/무게: 1.24kg/크기(가로x세로x깊이): 250x1115x280mm",37300
아낙 ANA-BEUM25,"핸디스틱청소기/무선/흡입+물걸레(교체)/흡입력: 350W/스테이션: 충전, 스탠드거치, 액서서리&배터리거치/LED라이트/싸이클론흡입/먼지감지센서/BLDC모터/헤파필터/[배터리] 사용시간: 60(최대)/분리형(1개)/리튬이온/[흡입구] 전방향회전/추가브러쉬: 솔형브러쉬, 틈새브러쉬/물걸레: 별매/[색상/크기] 색상: 화이트/무게: 1.24kg/크기(가로x세로x깊이): 250x1115x280mm",48100
샤크닌자 샤크 에보파워 시스템 부스트+ LC701KRBK,"핸디스틱청소기/무선/흡입전용/스테이션: 먼지비움, 충전, 스탠드거치, 액서서리&배터리거치/AI청소/LED라이트/먼지감지센서/워셔블먼지필터/[배터리] 사용시간: 1시간(최대)/분리형(2개)/리튬이온/[흡입구] 일반/전방향회전/추가브러쉬: 침구브러쉬, 솔브러쉬, 틈새브러쉬, 미니브러쉬/[색상/크기] 색상: 라이트라벤더/무게: 1.7kg/크기(가로x세로x깊이): 228x1041x161mm",337360
블랙앤데커 TPV1820RAC,"핸디스틱청소기/무선/흡입전용/스테이션: 먼지비움, 충전, 스탠드거치, 액서서리&배터리거치/AI청소/LED라이트/먼지감지센서/워셔블먼지필터/[배터리] 사용시간: 1시간(최대)/분리형(2개)/리튬이온/[흡입구] 일반/전방향회전/추가브러쉬: 침구브러쉬, 솔브러쉬, 틈새브러쉬, 미니브러쉬/[색상/크기] 색상: 라이트라벤더/무게: 1.7kg/크기(가로x세로x깊이): 228x1041x161mm",320310
신일전자 SVC-499WS,"핸디스틱청소기/무선/흡입전용/흡입력: 600W/스테이션: 충전, 스탠드거치, 액서서리&배터리거치/LED라이트/싸이클론흡입/먼지감지센서/BLDC모터/먼지필터/[배터리] 사용시간: 1시간10분(최대)/분리형(1개)/[흡입구] 전방향회전/추가브러쉬: 침구브러쉬, 솔형브러쉬, 틈새브러쉬/[색상/크기] 색상: 화이트/무게: 3.1kg",265000
아이룸 에코 프로 M9,"핸디스틱청소기/무선/흡입전용/흡입력: 600W/스테이션: 충전, 스탠드거치, 액서서리&배터리거치/LED라이트/싸이클론흡입/먼지감지센서/BLDC모터/먼지필터/[배터리] 사용시간: 1시간10분(최대)/분리형(1개)/[흡입구] 전방향회전/추가브러쉬: 침구브러쉬, 솔형브러쉬, 틈새브러쉬/[색상/크기] 색상: 화이트/무게: 3.1kg",577890
신일전자 SVC-PB732DG,"핸디스틱청소기/무선/흡입+물걸레(동시)/흡입력: 320W/스테이션: 먼지비움, 충전, 액서서리수납, 스탠드거치/먼지비움시간: 30초/먼지봉투: 2.5L/LED라이트/싸이클론흡입/오토스탑앤고/스마트인버터모터/워셔블헤파필터/[배터리] 사용시간: 30분(최대)/분리형(2개)/리튬이온/[흡입구] 와이드/추가브러쉬: 솔형브러쉬, 틈새브러쉬/물걸레: 포함/[색상/크기] 색상: 카밍베이지/무게: 2.49kg/크기(가로x세로x깊이): 300x1100x245mm/출시가: 1,510,000원",548000
아이닉 i20 엘리트,"핸디스틱청소기/무선/흡입+물걸레(동시)/흡입력: 320W/스테이션: 먼지비움, 충전, 액서서리수납, 스탠드거치/먼지비움시간: 30초/먼지봉투: 2.5L/LED라이트/싸이클론흡입/오토스탑앤고/스마트인버터모터/워셔블헤파필터/[배터리] 사용시간: 30분(최대)/분리형(2개)/리튬이온/[흡입구] 와이드/추가브러쉬: 솔형브러쉬, 틈새브러쉬/물걸레: 포함/[색상/크기] 색상: 카밍베이지/무게: 2.49kg/크기(가로x세로x깊이): 300x1100x245mm/출시가: 1,510,000원",104900
쿠쿠전자 파워클론 딥 클린 CVC-DNLEM2520W,"핸디스틱청소기/무선/흡입+물걸레(교체)/흡입력: 260W/스테이션: 먼지비움, 충전, UVC LED, 액서서리수납, 스탠드거치/먼지비움시간: 30초/먼지봉투: 2.5L/싸이클론흡입/스마트인버터모터/워셔블헤파필터/[배터리] 사용시간: 1시간(최대)/분리형(1개)/리튬이온/[흡입구] 일반/추가브러쉬: 솔형브러쉬, 틈새브러쉬/물걸레: 별매/[색상/크기] 색상: 카밍베이지/무게: 2.5kg/크기(가로x세로x깊이): 250x1120x260mm/출시가: 965,000원",363330
다이슨 V10 플러피 오리진,"핸디스틱청소기/무선/흡입+물걸레(교체)/흡입력: 260W/스테이션: 먼지비움, 충전, UVC LED, 액서서리수납, 스탠드거치/먼지비움시간: 30초/먼지봉투: 2.5L/싸이클론흡입/스마트인버터모터/워셔블헤파필터/[배터리] 사용시간: 1시간(최대)/분리형(1개)/리튬이온/[흡입구] 일반/추가브러쉬: 솔형브러쉬, 틈새브러쉬/물걸레: 별매/[색상/크기] 색상: 카밍베이지/무게: 2.5kg/크기(가로x세로x깊이): 250x1120x260mm/출시가: 965,000원",69000
나르왈 S20 Pro 아쿠아,"스틱청소기/무선/흡입전용/흡입력: 55W/스테이션: 충전, 스탠드거치, 액서서리&배터리거치/[배터리] 사용시간: 30분(최대)/[흡입구] 전방향회전/추가브러쉬: 솔브러쉬, 틈새브러쉬/[색상/크기] 무게: 1.3kg/크기(가로x세로x깊이): 207x1158x38mm",28990
일렉트로룩스 라피도 리튬 ZB6214IGM,"스틱청소기/무선/흡입전용/흡입력: 55W/스테이션: 충전, 스탠드거치, 액서서리&배터리거치/[배터리] 사용시간: 30분(최대)/[흡입구] 전방향회전/추가브러쉬: 솔브러쉬, 틈새브러쉬/[색상/크기] 무게: 1.3kg/크기(가로x세로x깊이): 207x1158x38mm",76050
한경희생활과학 파워슬림 글라이드 HATL-7000NW,"핸디스틱청소기/무선/흡입전용/흡입력: 350W/스테이션: 충전, 스탠드거치/LED라이트/먼지감지센서/BLDC모터/[배터리] 사용시간: 50분(최대)/분리형(1개)/리튬이온/[흡입구] 일반/추가브러쉬: 솔형브러쉬, 틈새브러쉬/[색상/크기] 색상: 화이트/무게: 1.25kg",221320
샤크닌자 샤크 에보 파워 플러스 WV250KR,"핸디스틱청소기/무선/흡입전용/흡입력: 350W/스테이션: 충전, 스탠드거치/LED라이트/먼지감지센서/BLDC모터/[배터리] 사용시간: 50분(최대)/분리형(1개)/리튬이온/[흡입구] 일반/추가브러쉬: 솔형브러쉬, 틈새브러쉬/[색상/크기] 색상: 화이트/무게: 1.25kg",151050
다이슨 V16 피스톤 애니멀 DS60,"핸디스틱청소기/무선/흡입전용/흡입력: 450W/스테이션: 충전, 스탠드거치, 액서서리&배터리거치/BLDC모터/헤파필터/[배터리] 사용시간: 50분(최대)/분리형(1개)/[흡입구] 일반/추가브러쉬: 침구브러쉬, 솔형브러쉬, 틈새브러쉬, 연장관/[색상/크기] 색상: 블랙/무게: 2.5kg/크기(가로x세로x깊이): 225x1250x230mm",189000
삼성전자 비스포크 제트 AI Lite VS28D0A95AIW,"핸디스틱청소기/무선/흡입전용/흡입력: 450W/스테이션: 충전, 스탠드거치, 액서서리&배터리거치/BLDC모터/헤파필터/[배터리] 사용시간: 50분(최대)/분리형(1개)/[흡입구] 일반/추가브러쉬: 침구브러쉬, 솔형브러쉬, 틈새브러쉬, 연장관/[색상/크기] 색상: 블랙/무게: 2.5kg/크기(가로x세로x깊이): 225x1250x230mm",363770
삼성전자 비스포크 제트 VS20A957E3N,"핸디스틱청소기/무선/흡입전용/흡입력: 11,000Pa/스테이션: 충전, 스탠드거치, 액서서리&배터리거치/싸이클론흡입/DC모터/헤파필터/[배터리] 사용시간: 42분(최대)/분리형(1개)/[흡입구] 일반/추가브러쉬: 솔브러쉬, 틈새브러쉬/[색상/크기] 색상: 화이트/크기(가로x세로x깊이): 243x1100x205mm",933000
다이슨 디지털 슬림 서브마린,"핸디스틱청소기/무선/흡입전용/흡입력: 11,000Pa/스테이션: 충전, 스탠드거치, 액서서리&배터리거치/싸이클론흡입/DC모터/헤파필터/[배터리] 사용시간: 42분(최대)/분리형(1개)/[흡입구] 일반/추가브러쉬: 솔브러쉬, 틈새브러쉬/[색상/크기] 색상: 화이트/크기(가로x세로x깊이): 243x1100x205mm",411930
보랄 더 데일리 BR-S300VC,스틱청소기/무선/흡입+물걸레(교체)/스테이션: 스탠드거치/싸이클론흡입/워셔블먼지필터/[배터리] 사용시간: 1시간(최대)/분리형(1개)/리튬이온/[흡입구] 일반/물걸레: 포함/[색상/크기] 무게: 3.6kg/크기(가로x세로x깊이): 257x677x187mm,176500
신일전자 SVC-PB195BUP,스틱청소기/무선/흡입+물걸레(교체)/스테이션: 스탠드거치/싸이클론흡입/워셔블먼지필터/[배터리] 사용시간: 1시간(최대)/분리형(1개)/리튬이온/[흡입구] 일반/물걸레: 포함/[색상/크기] 무게: 3.6kg/크기(가로x세로x깊이): 257x677x187mm,748000
삼성전자 비스포크 제트 AI VS30D973ISG,"핸디스틱청소기/무선/흡입+물걸레(교체)/흡입력: 280W/스테이션: 먼지비움, 충전, UVC LED, 스탠드거치, 액서서리&배터리거치/먼지비움시간: 14초/먼지봉투: 1.2L/AI청소/LED라이트/싸이클론흡입/먼지감지센서/워셔블먼지필터/[배터리] 사용시간: 30분(최대)/분리형(1개)/리튬이온/[흡입구] 일반/추가브러쉬: 솔형브러쉬, 틈새브러쉬/물걸레: 포함/고온/[색상/크기] 색상: 산토리니베이지/무게: 2.3kg/크기(가로x세로x깊이): 300x1055x300mm",107990
쿠쿠전자 파워클론 하이퍼 CVC-HE0710EG,"핸디스틱청소기/무선/흡입+물걸레(교체)/흡입력: 280W/스테이션: 먼지비움, 충전, UVC LED, 스탠드거치, 액서서리&배터리거치/먼지비움시간: 14초/먼지봉투: 1.2L/AI청소/LED라이트/싸이클론흡입/먼지감지센서/워셔블먼지필터/[배터리] 사용시간: 30분(최대)/분리형(1개)/리튬이온/[흡입구] 일반/추가브러쉬: 솔형브러쉬, 틈새브러쉬/물걸레: 포함/고온/[색상/크기] 색상: 산토리니베이지/무게: 2.3kg/크기(가로x세로x깊이): 300x1055x300mm",55890
도어스코리아 홈리아 더스트제로 클린스테이션 HA-220BL-CST,"핸디스틱청소기/무선/흡입+물걸레(교체)/흡입력: 280W/스테이션: 먼지비움, 싸이클론비움, 충전, UVC LED, 스탠드거치/먼지비움시간: 14초/먼지봉투: 1.2L/AI청소/LED라이트/싸이클론흡입/먼지감지센서/물분사/디지털인버터모터/워셔블헤파필터/[배터리] 사용시간: 1시간20분(최대)/분리형(2개)/리튬이온/[흡입구] 일반/추가브러쉬: 침구브러쉬, 펫브러쉬, 솔형브러쉬, 틈새브러쉬, 각도조절툴/물걸레: 포함/[색상/크기] 색상: 새틴블랙/크기(가로x세로x깊이): 250x942x243mm/출시가: 1,794,900원",96500
루민 rominvc77,"핸디스틱청소기/무선/흡입+물걸레(교체)/흡입력: 280W/스테이션: 먼지비움, 싸이클론비움, 충전, UVC LED, 스탠드거치/먼지비움시간: 14초/먼지봉투: 1.2L/AI청소/LED라이트/싸이클론흡입/먼지감지센서/물분사/디지털인버터모터/워셔블헤파필터/[배터리] 사용시간: 1시간20분(최대)/분리형(2개)/리튬이온/[흡입구] 일반/추가브러쉬: 침구브러쉬, 펫브러쉬, 솔형브러쉬, 틈새브러쉬, 각도조절툴/물걸레: 포함/[색상/크기] 색상: 새틴블랙/크기(가로x세로x깊이): 250x942x243mm/출시가: 1,794,900원",99900
바우아토 프로제트 D-B-0702,"핸디스틱청소기/무선/흡입+물걸레(교체)/흡입력: 140W/스테이션: 충전, 스탠드거치, 액서서리&배터리거치/LED라이트/싸이클론흡입/먼지감지센서/BLDC모터/헤파필터/[배터리] 사용시간: 35분(최대)/분리형(1개)/리튬이온/[흡입구] 일반/추가브러쉬: 침구브러쉬, 틈새브러쉬/물걸레: 포함/[색상/크기] 색상: 노블화이트/무게: 3.1kg/크기(가로x세로x깊이): 260x1168x240mm",136500
비브르 스톰파워 V25000,"핸디스틱청소기/무선/흡입+물걸레(교체)/흡입력: 140W/스테이션: 충전, 스탠드거치, 액서서리&배터리거치/LED라이트/싸이클론흡입/먼지감지센서/BLDC모터/헤파필터/[배터리] 사용시간: 35분(최대)/분리형(1개)/리튬이온/[흡입구] 일반/추가브러쉬: 침구브러쉬, 틈새브러쉬/물걸레: 포함/[색상/크기] 색상: 노블화이트/무게: 3.1kg/크기(가로x세로x깊이): 260x1168x240mm",261700
삼성전자 비스포크 제트 VS20B956AXE,"핸디스틱청소기/무선/흡입전용/흡입력: 25,000Pa/스테이션: 먼지비움, 충전, 스탠드거치, 액서서리&배터리거치/AI청소/LED라이트/먼지감지센서/BLDC모터/[배터리] 사용시간: 32분(최대)/리튬이온/[흡입구] 전방향회전/추가브러쉬: 솔브러쉬, 틈새브러쉬/[색상/크기] 무게: 1.6kg/크기(가로x세로x깊이): 244x1110x150mm",389990
아이룸 퓨리타워 ET10,"핸디스틱청소기/무선/흡입전용/흡입력: 25,000Pa/스테이션: 먼지비움, 충전, 스탠드거치, 액서서리&배터리거치/AI청소/LED라이트/먼지감지센서/BLDC모터/[배터리] 사용시간: 32분(최대)/리튬이온/[흡입구] 전방향회전/추가브러쉬: 솔브러쉬, 틈새브러쉬/[색상/크기] 무게: 1.6kg/크기(가로x세로x깊이): 244x1110x150mm",381640
로보락 F25 RT,"핸디스틱청소기/무선/흡입+물걸레(동시)/흡입력: 260W/스테이션: 충전, 스탠드거치/싸이클론흡입/자동물공급/스마트인버터모터/워셔블헤파필터/[배터리] 사용시간: 1시간(최대)/분리형(1개)/리튬이온/[흡입구] 일반/추가브러쉬: 솔형브러쉬, 틈새브러쉬/물걸레: 포함/[색상/크기] 색상: 카밍베이지/무게: 2.5kg/크기(가로x세로x깊이): 250x1120x260mm/출시가: 895,000원",399000
88그로스 욕실청소기 BPLD01,"핸디스틱청소기/무선/흡입+물걸레(동시)/흡입력: 260W/스테이션: 충전, 스탠드거치/싸이클론흡입/자동물공급/스마트인버터모터/워셔블헤파필터/[배터리] 사용시간: 1시간(최대)/분리형(1개)/리튬이온/[흡입구] 일반/추가브러쉬: 솔형브러쉬, 틈새브러쉬/물걸레: 포함/[색상/크기] 색상: 카밍베이지/무게: 2.5kg/크기(가로x세로x깊이): 250x1120x260mm/출시가: 895,000원",109000
LG전자 오브제컬렉션 코드제로 A9S AX948BHE,"핸디스틱청소기/무선/흡입+물걸레(교체)/흡입력: 255W(45,000Pa)/스테이션: 벽걸이거치/AI청소/LED라이트/싸이클론흡입/먼지감지센서/UV살균/BLDC모터/헤파필터/[배터리] 사용시간: 1시간5분(최대)/분리형(1개)/리튬이온/[흡입구] 일반/추가브러쉬: 침구브러쉬, 솔형브러쉬, 틈새브러쉬/물걸레: 별매/[색상/크기] 색상: 화이트/무게: 2.7kg/정전기방지패드",179000
YLW6305D,"핸디스틱청소기/무선/흡입+물걸레(교체)/흡입력: 255W(45,000Pa)/스테이션: 벽걸이거치/AI청소/LED라이트/싸이클론흡입/먼지감지센서/UV살균/BLDC모터/헤파필터/[배터리] 사용시간: 1시간5분(최대)/분리형(1개)/리튬이온/[흡입구] 일반/추가브러쉬: 침구브러쉬, 솔형브러쉬, 틈새브러쉬/물걸레: 별매/[색상/크기] 색상: 화이트/무게: 2.7kg/정전기방지패드",125900
블랙앤데커 PV1820BK,"핸디스틱청소기/무선/흡입+물걸레(동시)/흡입력: 150W/스테이션: 충전, 스탠드거치, 액서서리&배터리거치/싸이클론흡입/스마트인버터모터/[배터리] 사용시간: 40분(최대)/분리형(1개)/리튬이온/[흡입구] 일반/추가브러쉬: 솔형브러쉬, 틈새브러쉬, 틈새(내장형)브러쉬/물걸레: 포함/[색상/크기] 색상: 카밍베이지/무게: 1.97kg/크기(가로x세로x깊이): 251x1026x242mm",1225500
신일전자 더쎈 SVC-ECO150,"핸디스틱청소기/무선/흡입+물걸레(동시)/흡입력: 150W/스테이션: 충전, 스탠드거치, 액서서리&배터리거치/싸이클론흡입/스마트인버터모터/[배터리] 사용시간: 40분(최대)/분리형(1개)/리튬이온/[흡입구] 일반/추가브러쉬: 솔형브러쉬, 틈새브러쉬, 틈새(내장형)브러쉬/물걸레: 포함/[색상/크기] 색상: 카밍베이지/무게: 1.97kg/크기(가로x세로x깊이): 251x1026x242mm",778960
네오메타 NEO-160VC,"핸디스틱청소기/무선/흡입+물걸레(동시)/흡입력: 260W/스테이션: 먼지비움, 충전, 액서서리수납, 스탠드거치/먼지비움시간: 30초/먼지봉투: 2.5L/싸이클론흡입/자동물공급/스마트인버터모터/워셔블헤파필터/[배터리] 사용시간: 1시간(최대)/분리형(2개)/리튬이온/[흡입구] 일반/추가브러쉬: 침구브러쉬, 솔형브러쉬, 틈새브러쉬/물걸레: 포함/[색상/크기] 색상: 카밍베이지/무게: 2.5kg/크기(가로x세로x깊이): 250x1120x260mm/출시가: 1,295,000원",800440
LG전자 오브제컬렉션 코드제로 A9S AX927BHE,"핸디스틱청소기/무선/흡입+물걸레(동시)/흡입력: 260W/스테이션: 먼지비움, 충전, 액서서리수납, 스탠드거치/먼지비움시간: 30초/먼지봉투: 2.5L/싸이클론흡입/자동물공급/스마트인버터모터/워셔블헤파필터/[배터리] 사용시간: 1시간(최대)/분리형(2개)/리튬이온/[흡입구] 일반/추가브러쉬: 침구브러쉬, 솔형브러쉬, 틈새브러쉬/물걸레: 포함/[색상/크기] 색상: 카밍베이지/무게: 2.5kg/크기(가로x세로x깊이): 250x1120x260mm/출시가: 1,295,000원",434210
드리미 H12 Pro FlexReach,"핸디스틱청소기/무선/흡입전용/스테이션: 스탠드거치, 액서서리&배터리거치/AI청소/LED라이트/먼지감지센서/먼지필터/[배터리] 사용시간: 35분(최대)/분리형(1개)/리튬이온/[흡입구] 일반/추가브러쉬: 침구브러쉬, 펫브러쉬, 틈새브러쉬/[색상/크기] 색상: 아이보리/무게: 1.5kg/크기(가로x세로x깊이): 228x1069x206mm",106450
다이슨 V12 오리진 플러피,"핸디스틱청소기/무선/흡입전용/스테이션: 스탠드거치, 액서서리&배터리거치/AI청소/LED라이트/먼지감지센서/먼지필터/[배터리] 사용시간: 35분(최대)/분리형(1개)/리튬이온/[흡입구] 일반/추가브러쉬: 침구브러쉬, 펫브러쉬, 틈새브러쉬/[색상/크기] 색상: 아이보리/무게: 1.5kg/크기(가로x세로x깊이): 228x1069x206mm",103130
렉스퀸 모어 클린 LXQV-6000,"핸디스틱청소기/무선/흡입+물걸레(교체)/흡입력: 250W/스테이션: 먼지비움, 싸이클론비움, 충전, UVC LED, 스탠드거치/먼지비움시간: 14초/먼지봉투: 1.2L/AI청소/LED라이트/싸이클론흡입/먼지감지센서/물분사/디지털인버터모터/워셔블헤파필터/[배터리] 사용시간: 1시간(최대)/분리형(2개)/리튬이온/[흡입구] 일반/추가브러쉬: 솔형브러쉬, 틈새브러쉬/물걸레: 포함/[색상/크기] 색상: 새틴베이지/크기(가로x세로x깊이): 250x942x243mm/출시가: 1,449,000원",860000
테팔 엑스퍼트 7.60 TY6A13KO,"핸디스틱청소기/무선/흡입+물걸레(교체)/흡입력: 250W/스테이션: 먼지비움, 싸이클론비움, 충전, UVC LED, 스탠드거치/먼지비움시간: 14초/먼지봉투: 1.2L/AI청소/LED라이트/싸이클론흡입/먼지감지센서/물분사/디지털인버터모터/워셔블헤파필터/[배터리] 사용시간: 1시간(최대)/분리형(2개)/리튬이온/[흡입구] 일반/추가브러쉬: 솔형브러쉬, 틈새브러쉬/물걸레: 포함/[색상/크기] 색상: 새틴베이지/크기(가로x세로x깊이): 250x942x243mm/출시가: 1,449,000원",269220
삼성전자 비스포크 제트 VS20B956AXG,"핸디스틱청소기/무선/흡입+물걸레(교체)/흡입력: 100W(22,000Pa)/스테이션: 충전, 스탠드거치/LED라이트/BLDC모터/헤파필터/[배터리] 사용시간: 35분(최대)/분리형(1개)/[흡입구] 일반/추가브러쉬: 솔형브러쉬, 틈새브러쉬/물걸레: 별매/[색상/크기] 색상: 화이트+그레이/무게: 1.9kg/크기(가로x세로x깊이): 240x1088x250mm",175824
샤오미 미홀 M33,"핸디스틱청소기/무선/흡입+물걸레(교체)/흡입력: 100W(22,000Pa)/스테이션: 충전, 스탠드거치/LED라이트/BLDC모터/헤파필터/[배터리] 사용시간: 35분(최대)/분리형(1개)/[흡입구] 일반/추가브러쉬: 솔형브러쉬, 틈새브러쉬/물걸레: 별매/[색상/크기] 색상: 화이트+그레이/무게: 1.9kg/크기(가로x세로x깊이): 240x1088x250mm",39900
삼성전자 비스포크 슬림 VS15A680AEW,"핸디스틱청소기/무선/흡입전용/흡입력: 20,000Pa/스테이션: 먼지비움, 충전, 스탠드거치, 액서서리&배터리거치/먼지봉투: 2L/BLDC모터/[배터리] 사용시간: 35분(최대)/내장형/리튬이온/[흡입구] 전방향회전/추가브러쉬: 침구브러쉬, 솔브러쉬, 틈새브러쉬/[색상/크기] 색상: 화이트/무게: 1.8kg/크기(가로x세로x깊이): 235x1080x135mm",29800
샤크닌자 샤크 에보 파워 시스템 FIT+ LC150KRBL,"핸디스틱청소기/무선/흡입전용/흡입력: 20,000Pa/스테이션: 먼지비움, 충전, 스탠드거치, 액서서리&배터리거치/먼지봉투: 2L/BLDC모터/[배터리] 사용시간: 35분(최대)/내장형/리튬이온/[흡입구] 전방향회전/추가브러쉬: 침구브러쉬, 솔브러쉬, 틈새브러쉬/[색상/크기] 색상: 화이트/무게: 1.8kg/크기(가로x세로x깊이): 235x1080x135mm",138000
다이슨 V12 디텍트 슬림 컴플리트,"핸디스틱청소기/무선/흡입전용/스테이션: 먼지비움, 충전, 스탠드거치, 액서서리&배터리거치/먼지봉투: 2.5L/LED라이트/싸이클론흡입/워셔블먼지필터/[배터리] 사용시간: 1시간5분(최대)/내장형/리튬이온/[흡입구] 전방향회전/추가브러쉬: 펫브러쉬, 솔형브러쉬, 틈새브러쉬/[색상/크기] 색상: 그레이/실버",168000
로보락 F25 Ace Combo,"핸디스틱청소기/무선/흡입전용/스테이션: 먼지비움, 충전, 스탠드거치, 액서서리&배터리거치/먼지봉투: 2.5L/LED라이트/싸이클론흡입/워셔블먼지필터/[배터리] 사용시간: 1시간5분(최대)/내장형/리튬이온/[흡입구] 전방향회전/추가브러쉬: 펫브러쉬, 솔형브러쉬, 틈새브러쉬/[색상/크기] 색상: 그레이/실버",167800
일렉트로룩스 WELL Q7 WQ71-2OIB,"핸디스틱청소기/무선/흡입+물걸레(동시)/흡입력: 320W/스테이션: 먼지비움, 충전, 액서서리수납, 스탠드거치/먼지비움시간: 30초/먼지봉투: 2.5L/AI청소/LED라이트/오토스탑앤고/자동물공급/스마트인버터모터/[배터리] 사용시간: 30분(최대)/분리형(2개)/리튬이온/[흡입구] 와이드/추가브러쉬: 솔브러쉬, 틈새브러쉬/물걸레: 포함/스팀/[색상/크기] 색상: 크림스카이/무게: 2.54kg/크기(가로x세로x깊이): 300x1100x245mm",277353
일렉트로룩스 얼티밋홈 800 EFP81835S,"핸디스틱청소기/무선/흡입+물걸레(동시)/흡입력: 320W/스테이션: 먼지비움, 충전, 액서서리수납, 스탠드거치/먼지비움시간: 30초/먼지봉투: 2.5L/AI청소/LED라이트/오토스탑앤고/자동물공급/스마트인버터모터/[배터리] 사용시간: 30분(최대)/분리형(2개)/리튬이온/[흡입구] 와이드/추가브러쉬: 솔브러쉬, 틈새브러쉬/물걸레: 포함/스팀/[색상/크기] 색상: 크림스카이/무게: 2.54kg/크기(가로x세로x깊이): 300x1100x245mm",703790
디월스 큐티 오리 데스크탑 진공청소기 C503,"핸디스틱청소기/무선/흡입전용/흡입력: 140W/스테이션: 벽걸이거치/[배터리] 사용시간: 60분(최대)/분리형(1개)/[흡입구] 레이저/추가브러쉬: 솔형브러쉬, 틈새브러쉬, 미니브러쉬/[색상/크기] 무게: 1.64kg/모터: 120,000RPM",162400
삼성전자 비스포크 제트 AI VS90F40CSK,"핸디스틱청소기/무선/흡입전용/흡입력: 140W/스테이션: 벽걸이거치/[배터리] 사용시간: 60분(최대)/분리형(1개)/[흡입구] 레이저/추가브러쉬: 솔형브러쉬, 틈새브러쉬, 미니브러쉬/[색상/크기] 무게: 1.64kg/모터: 120,000RPM",197000
한경희생활과학 클린타워 HCV-B400 PRO,"핸디스틱청소기/무선/흡입전용/스테이션: 먼지비움, 충전, 스탠드거치, 액서서리&배터리거치/LED라이트/먼지감지센서/BLDC모터/워셔블먼지필터/[배터리] 사용시간: 50분(최대)/리튬이온/[흡입구] 전방향회전/추가브러쉬: 침구브러쉬, 펫브러쉬, 틈새브러쉬, 미니브러쉬/[색상/크기] 색상: 모브그레이/무게: 2kg/크기(가로x세로x깊이): 258x1040x114mm",398000
RichMagic 3in1,"핸디스틱청소기/무선/흡입전용/스테이션: 먼지비움, 충전, 스탠드거치, 액서서리&배터리거치/LED라이트/먼지감지센서/BLDC모터/워셔블먼지필터/[배터리] 사용시간: 50분(최대)/리튬이온/[흡입구] 전방향회전/추가브러쉬: 침구브러쉬, 펫브러쉬, 틈새브러쉬, 미니브러쉬/[색상/크기] 색상: 모브그레이/무게: 2kg/크기(가로x세로x깊이): 258x1040x114mm",525870
삼성전자 비스포크 제트 AI VS90F40CRK,"핸디스틱청소기/무선/흡입+물걸레(교체)/흡입력: 310W/스테이션: 먼지비움, 싸이클론비움, 충전, UVC LED, 스탠드거치/먼지비움시간: 14초/먼지봉투: 1.2L/AI청소/LED라이트/싸이클론흡입/물분사/디지털인버터모터/워셔블헤파필터/[배터리] 사용시간: 1시간40분(대용량배터리기준)(최대)/분리형(2개)/리튬이온/[흡입구] 일반/추가브러쉬: 솔형브러쉬, 틈새브러쉬/물걸레: 포함/고온/[색상/크기] 색상: 새틴베이지/크기(가로x세로x깊이): 250x970x243mm/출시가: 1,649,000원",27800
신일전자 싹쓸이 SVC-KM40CP,"핸디스틱청소기/무선/흡입+물걸레(교체)/흡입력: 310W/스테이션: 먼지비움, 싸이클론비움, 충전, UVC LED, 스탠드거치/먼지비움시간: 14초/먼지봉투: 1.2L/AI청소/LED라이트/싸이클론흡입/물분사/디지털인버터모터/워셔블헤파필터/[배터리] 사용시간: 1시간40분(대용량배터리기준)(최대)/분리형(2개)/리튬이온/[흡입구] 일반/추가브러쉬: 솔형브러쉬, 틈새브러쉬/물걸레: 포함/고온/[색상/크기] 색상: 새틴베이지/크기(가로x세로x깊이): 250x970x243mm/출시가: 1,649,000원",900000
쿠쿠전자 파워클론 슬림 CVC-G810UG,"핸디스틱청소기/무선/흡입+물걸레(건습식)/흡입력: 20,000Pa/스테이션: 스탠드거치/AI청소/먼지감지센서/[배터리] 사용시간: 1시간(최대)/[흡입구] 전방향회전/롤러/액체흡입/브러쉬자동세척/브러쉬자동건조/자동세제투입/오염감지센서/베젤리스브러쉬/[색상/크기] 색상: 딥스페이스그레이/무게: 4.35kg/머리카락컷팅/물걸레 압력: 20N/크기(가로x세로x깊이): 247x1172x273mm",22100
아이닉 NEW i20,"핸디스틱청소기/무선/흡입+물걸레(건습식)/흡입력: 20,000Pa/스테이션: 스탠드거치/AI청소/먼지감지센서/[배터리] 사용시간: 1시간(최대)/[흡입구] 전방향회전/롤러/액체흡입/브러쉬자동세척/브러쉬자동건조/자동세제투입/오염감지센서/베젤리스브러쉬/[색상/크기] 색상: 딥스페이스그레이/무게: 4.35kg/머리카락컷팅/물걸레 압력: 20N/크기(가로x세로x깊이): 247x1172x273mm",87990
일렉트로룩스 ZB6218STM,"핸디스틱청소기/무선/흡입+물걸레(건습식)/스테이션: 충전, 스탠드거치/사용시간: 1시간(최대)/전방향회전/롤러/액체흡입/브러쉬자동세척/오염감지센서/베젤리스브러쉬/색상: 화이트/무게: 3.2kg/물걸레 압력: 28.5N/크기(가로x세로x깊이): 270x128x270mm",98100
삼성전자 비스포크 제트 AI VS30D973ISE,"핸디스틱청소기/무선/흡입+물걸레(건습식)/스테이션: 충전, 스탠드거치/사용시간: 1시간(최대)/전방향회전/롤러/액체흡입/브러쉬자동세척/오염감지센서/베젤리스브러쉬/색상: 화이트/무게: 3.2kg/물걸레 압력: 28.5N/크기(가로x세로x깊이): 270x128x270mm",110600
캐치웰 CV6 PLUS,"핸디스틱청소기/무선/흡입전용/흡입력: 13,000Pa/스테이션: 충전, 스탠드거치/BLDC모터/헤파필터/[배터리] 사용시간: 25분(최대)/[흡입구] 일반/추가브러쉬: 틈새브러쉬/[색상/크기] 무게: 0.55kg/크기(가로x세로x깊이): 70x430x70mm",1109070
아이닉 iv11 디텍트,"핸디스틱청소기/무선/흡입전용/흡입력: 13,000Pa/스테이션: 충전, 스탠드거치/BLDC모터/헤파필터/[배터리] 사용시간: 25분(최대)/[흡입구] 일반/추가브러쉬: 틈새브러쉬/[색상/크기] 무게: 0.55kg/크기(가로x세로x깊이): 70x430x70mm",833000
다이슨 V15s 디텍트 슬림 서브마린 컴플리트,"핸디스틱청소기/무선/흡입전용/흡입력: 220W/스테이션: 먼지비움, 충전, 액서서리수납, 스탠드거치/먼지비움시간: 30초/싸이클론흡입/스마트인버터모터/워셔블먼지필터/[배터리] 사용시간: 1시간(최대)/분리형(1개)/리튬이온/[흡입구] 일반/추가브러쉬: 침구브러쉬, 솔형브러쉬, 틈새브러쉬/[색상/크기] 색상: 카밍베이지/무게: 2.47kg/크기(가로x세로x깊이): 250x1120x260mm",497000
일렉트로룩스 얼티밋홈 600 EFP61712,"핸디스틱청소기/무선/흡입전용/흡입력: 220W/스테이션: 먼지비움, 충전, 액서서리수납, 스탠드거치/먼지비움시간: 30초/싸이클론흡입/스마트인버터모터/워셔블먼지필터/[배터리] 사용시간: 1시간(최대)/분리형(1개)/리튬이온/[흡입구] 일반/추가브러쉬: 침구브러쉬, 솔형브러쉬, 틈새브러쉬/[색상/크기] 색상: 카밍베이지/무게: 2.47kg/크기(가로x세로x깊이): 250x1120x260mm",443970
쿠쿠전자 올 클린 CVC-AFFEM1430NW,"핸디청소기/무선/흡입전용/흡입력: 17,000Pa/스테이션: 충전, 스탠드거치, 액서서리&배터리거치/BLDC모터/워셔블먼지필터/[배터리] 사용시간: 23분(최대)/[흡입구] 추가브러쉬: 솔형브러쉬, 틈새브러쉬, 틈새(내장형)브러쉬/[색상/크기] 색상: 노블그레이/무게: 0.5kg/크기(가로x세로x깊이): 60x425x70mm",440000
샤크닌자 샤크 클린 앤 엠티 BU3521KR,"핸디청소기/무선/흡입전용/흡입력: 17,000Pa/스테이션: 충전, 스탠드거치, 액서서리&배터리거치/BLDC모터/워셔블먼지필터/[배터리] 사용시간: 23분(최대)/[흡입구] 추가브러쉬: 솔형브러쉬, 틈새브러쉬, 틈새(내장형)브러쉬/[색상/크기] 색상: 노블그레이/무게: 0.5kg/크기(가로x세로x깊이): 60x425x70mm",98900
다이슨 V8 싸이클론,"스틱청소기/무선/흡입+물걸레(건습식)/스테이션: 충전, 스탠드거치, 액서서리&배터리거치/LED라이트/싸이클론흡입/먼지감지센서/물분사/헤파필터/사용시간: 1시간10분(최대)/내장형/리튬이온/전방향회전/롤러/액체흡입/추가브러쉬: 솔형브러쉬, 틈새브러쉬/브러쉬자동세척/브러쉬자동건조/색상: 어반그레이/무게: 5.1kg/크기(가로x세로x깊이):265x1108x216mm",177000
테팔 엑스퍼트 6.60 TY6831,"스틱청소기/무선/흡입+물걸레(건습식)/스테이션: 충전, 스탠드거치, 액서서리&배터리거치/LED라이트/싸이클론흡입/먼지감지센서/물분사/헤파필터/사용시간: 1시간10분(최대)/내장형/리튬이온/전방향회전/롤러/액체흡입/추가브러쉬: 솔형브러쉬, 틈새브러쉬/브러쉬자동세척/브러쉬자동건조/색상: 어반그레이/무게: 5.1kg/크기(가로x세로x깊이):265x1108x216mm",697462
쿠쿠전자 파워클론 미니 CVC-EHSH30NG,탁상용청소기/무선/흡입전용/전원방식:건전지,399000
샤크닌자 샤크 디텍트 클린 앤 엠티 IQ+ IW3241KR,탁상용청소기/무선/흡입전용/전원방식:건전지,373381
쿠쿠전자 파워클론 하이퍼 CVC-HNLE0730NW,"핸디스틱청소기/무선/흡입+물걸레(교체)/흡입력: 25,000Pa/스테이션: 벽걸이거치/싸이클론흡입/BLDC모터/워셔블헤파필터/[배터리] 사용시간: 1시간30분(최대)/내장형/[흡입구] 일반/추가브러쉬: 침구브러쉬, 솔형브러쉬, 틈새브러쉬, 연장관/물걸레: 별매/[색상/크기] 색상: 레드/무게: 1.6kg/크기(가로x세로): 202x1226mm",698000
비즈포비즈 클래파 BVC-T500W,"핸디스틱청소기/무선/흡입+물걸레(교체)/흡입력: 25,000Pa/스테이션: 벽걸이거치/싸이클론흡입/BLDC모터/워셔블헤파필터/[배터리] 사용시간: 1시간30분(최대)/내장형/[흡입구] 일반/추가브러쉬: 침구브러쉬, 솔형브러쉬, 틈새브러쉬, 연장관/물걸레: 별매/[색상/크기] 색상: 레드/무게: 1.6kg/크기(가로x세로): 202x1226mm",739890
삼성전자 비스포크 제트 AI VS30D973HRK,"핸디스틱청소기/무선/흡입전용/흡입력: 120W(23,000Pa)/스테이션: 벽걸이거치/LED라이트/싸이클론흡입/BLDC모터/워셔블먼지필터/[배터리] 사용시간: 1시간(최대)/분리형(1개)/[흡입구] 일반/추가브러쉬: 솔브러쉬, 틈새브러쉬, 패브릭브러쉬/[색상/크기] 색상: 화이트/무게: 1.5kg/크기(가로x세로x깊이): 250x1250x235mm",1480000
LG전자 오브제컬렉션 코드제로 A9S AS920CWD,"핸디스틱청소기/무선/흡입전용/흡입력: 120W(23,000Pa)/스테이션: 벽걸이거치/LED라이트/싸이클론흡입/BLDC모터/워셔블먼지필터/[배터리] 사용시간: 1시간(최대)/분리형(1개)/[흡입구] 일반/추가브러쉬: 솔브러쉬, 틈새브러쉬, 패브릭브러쉬/[색상/크기] 색상: 화이트/무게: 1.5kg/크기(가로x세로x깊이): 250x1250x235mm",741970
다이슨 V12s 디텍트 슬림 서브마린 컴플리트 (골드/골드),"핸디스틱청소기/무선/흡입전용/흡입력: 600W/스테이션: 충전, 스탠드거치, 액서서리&배터리거치/LED라이트/먼지감지센서/BLDC모터/먼지필터/[배터리] 사용시간: 1시간10분(최대)/분리형(1개)/[흡입구] 전방향회전/추가브러쉬: 침구브러쉬, 솔형브러쉬, 틈새브러쉬/[색상/크기] 색상: 노블화이트/무게: 3.1kg/크기(가로x세로x깊이): 342.5x972x308.5mm",719000
디베아 AUTO17000,"핸디스틱청소기/무선/흡입전용/흡입력: 600W/스테이션: 충전, 스탠드거치, 액서서리&배터리거치/LED라이트/먼지감지센서/BLDC모터/먼지필터/[배터리] 사용시간: 1시간10분(최대)/분리형(1개)/[흡입구] 전방향회전/추가브러쉬: 침구브러쉬, 솔형브러쉬, 틈새브러쉬/[색상/크기] 색상: 노블화이트/무게: 3.1kg/크기(가로x세로x깊이): 342.5x972x308.5mm",218000
일렉트로룩스 얼티밋홈 600 EFP61714,"핸디스틱청소기/무선/흡입전용/흡입력: 120W(15,000Pa)/헤파필터/[배터리] 사용시간: 30분(최대)/내장형/리튬이온/[흡입구] 일반/추가브러쉬: 침구브러쉬, 솔브러쉬, 틈새브러쉬/[색상/크기] 색상: 화이트, 블랙/무게: 0.3kg/크기(가로x세로x깊이): 220x1110x163mm",494100
쿠쿠전자 파워클론 슬림 CVC-G810NW,"핸디스틱청소기/무선/흡입전용/흡입력: 120W(15,000Pa)/헤파필터/[배터리] 사용시간: 30분(최대)/내장형/리튬이온/[흡입구] 일반/추가브러쉬: 침구브러쉬, 솔브러쉬, 틈새브러쉬/[색상/크기] 색상: 화이트, 블랙/무게: 0.3kg/크기(가로x세로x깊이): 220x1110x163mm",9500
아이룸 AST-009 플러스,"핸디스틱청소기/무선/흡입+물걸레(교체)/스테이션: 먼지비움, 충전, 스탠드거치, 액서서리&배터리거치/먼지봉투: 2.4L/LED라이트/싸이클론흡입/물분사/BLDC모터/워셔블먼지필터/[배터리] 사용시간: 40분(최대)/분리형(1개)/리튬이온/[흡입구] 일반/추가브러쉬: 침구브러쉬, 솔브러쉬, 틈새브러쉬/물걸레: 포함/[색상/크기] 색상: 라이트데님블루/무게: 1.35kg/크기(가로x세로x깊이): 250x1010x269mm",18810
에어메이드 스마트타워 AMC-3501A,"핸디스틱청소기/무선/흡입+물걸레(교체)/스테이션: 먼지비움, 충전, 스탠드거치, 액서서리&배터리거치/먼지봉투: 2.4L/LED라이트/싸이클론흡입/물분사/BLDC모터/워셔블먼지필터/[배터리] 사용시간: 40분(최대)/분리형(1개)/리튬이온/[흡입구] 일반/추가브러쉬: 침구브러쉬, 솔브러쉬, 틈새브러쉬/물걸레: 포함/[색상/크기] 색상: 라이트데님블루/무게: 1.35kg/크기(가로x세로x깊이): 250x1010x269mm",1229000
다이슨 V12s 오리진 서브마린,"핸디스틱청소기/무선/흡입전용/흡입력: 280W/스테이션: 먼지비움, 충전, UVC LED, 스탠드거치, 액서서리&배터리거치/먼지비움시간: 14초/먼지봉투: 1.2L/AI청소/LED라이트/싸이클론흡입/먼지감지센서/워셔블먼지필터/[배터리] 사용시간: 30분(최대)/분리형(1개)/리튬이온/[흡입구] 일반/추가브러쉬: 솔형브러쉬, 틈새브러쉬/[색상/크기] 색상: 미스티화이트/무게: 2.3kg/크기(가로x세로x깊이): 300x1055x300mm",297100
샤오미 트루클린 W20 C305HW,"핸디스틱청소기/무선/흡입전용/흡입력: 280W/스테이션: 먼지비움, 충전, UVC LED, 스탠드거치, 액서서리&배터리거치/먼지비움시간: 14초/먼지봉투: 1.2L/AI청소/LED라이트/싸이클론흡입/먼지감지센서/워셔블먼지필터/[배터리] 사용시간: 30분(최대)/분리형(1개)/리튬이온/[흡입구] 일반/추가브러쉬: 솔형브러쉬, 틈새브러쉬/[색상/크기] 색상: 미스티화이트/무게: 2.3kg/크기(가로x세로x깊이): 300x1055x300mm",31900
샤오미 G20 Lite C203,"핸디스틱청소기/무선/흡입+물걸레(동시)/흡입력: 320W/스테이션: 먼지비움, 충전, 액서서리수납, 스탠드거치/먼지비움시간: 30초/LED라이트/오토스탑앤고/자동물공급/워셔블헤파필터/[배터리] 사용시간: 30분(최대)/분리형(1개)/리튬이온/[흡입구] 와이드/추가브러쉬: 솔형브러쉬, 틈새브러쉬/물걸레: 포함/[색상/크기] 색상: 카밍베이지/무게: 2.5kg/크기(가로x세로x깊이): 300x1100x245mm",1247177
테팔 엑스퍼트 7.60 TY6A11KO,"핸디스틱청소기/무선/흡입+물걸레(동시)/흡입력: 320W/스테이션: 먼지비움, 충전, 액서서리수납, 스탠드거치/먼지비움시간: 30초/LED라이트/오토스탑앤고/자동물공급/워셔블헤파필터/[배터리] 사용시간: 30분(최대)/분리형(1개)/리튬이온/[흡입구] 와이드/추가브러쉬: 솔형브러쉬, 틈새브러쉬/물걸레: 포함/[색상/크기] 색상: 카밍베이지/무게: 2.5kg/크기(가로x세로x깊이): 300x1100x245mm",49900
디라이프 토네이도 DLA-BL5000VHD,"핸디스틱청소기/무선/흡입+물걸레(교체)/흡입력: 43,000Pa/LED라이트/BLDC모터/헤파필터/[배터리] 사용시간: 50분(최대)/분리형(1개)/리튬이온/[흡입구] 일반/추가브러쉬: 침구브러쉬, 솔형브러쉬, 틈새브러쉬, 패브릭브러쉬/물걸레: 포함/[색상/크기] 색상: 화이트/무게: 2.2kg/크기(가로x세로x깊이): 245x1050x200mm",183230
라이트컴 COMS HA003,"핸디스틱청소기/무선/흡입+물걸레(교체)/흡입력: 43,000Pa/LED라이트/BLDC모터/헤파필터/[배터리] 사용시간: 50분(최대)/분리형(1개)/리튬이온/[흡입구] 일반/추가브러쉬: 침구브러쉬, 솔형브러쉬, 틈새브러쉬, 패브릭브러쉬/물걸레: 포함/[색상/크기] 색상: 화이트/무게: 2.2kg/크기(가로x세로x깊이): 245x1050x200mm",218000
다이슨 V15s 디텍트 슬림 서브마린,"핸디스틱청소기/무선/흡입+물걸레(교체)/흡입력: 310W/스테이션: 먼지비움, 싸이클론비움, 충전, UVC LED, 스탠드거치/먼지비움시간: 14초/먼지봉투: 1.2L/AI청소/LED라이트/싸이클론흡입/물분사/디지털인버터모터/워셔블헤파필터/[배터리] 사용시간: 1시간40분(대용량배터리기준)(최대)/분리형(2개)/리튬이온/[흡입구] 일반/추가브러쉬: 펫브러쉬, 솔형브러쉬, 틈새브러쉬, 각도조절툴/물걸레: 포함/고온/[색상/크기] 색상: 새틴그레이지/크기(가로x세로x깊이): 250x970x243mm/출시가: 1,749,000원",99000
무궁화전자 바로바로 MC-B601,"핸디스틱청소기/무선/흡입+물걸레(교체)/흡입력: 310W/스테이션: 먼지비움, 싸이클론비움, 충전, UVC LED, 스탠드거치/먼지비움시간: 14초/먼지봉투: 1.2L/AI청소/LED라이트/싸이클론흡입/물분사/디지털인버터모터/워셔블헤파필터/[배터리] 사용시간: 1시간40분(대용량배터리기준)(최대)/분리형(2개)/리튬이온/[흡입구] 일반/추가브러쉬: 펫브러쉬, 솔형브러쉬, 틈새브러쉬, 각도조절툴/물걸레: 포함/고온/[색상/크기] 색상: 새틴그레이지/크기(가로x세로x깊이): 250x970x243mm/출시가: 1,749,000원",986988
드리미 V10,"핸디스틱청소기/무선/흡입+물걸레(교체)/흡입력: 250W/스테이션: 먼지비움, 싸이클론비움, 충전, UVC LED, 스탠드거치/먼지비움시간: 14초/먼지봉투: 1.2L/AI청소/LED라이트/싸이클론흡입/먼지감지센서/물분사/디지털인버터모터/워셔블헤파필터/[배터리] 사용시간: 1시간(최대)/분리형(2개)/리튬이온/[흡입구] 일반/추가브러쉬: 솔형브러쉬, 틈새브러쉬/물걸레: 포함/고온/[색상/크기] 색상: 새틴그레이지/무게: 2.67kg/크기(가로x세로x깊이): 350x1066x300mm/출시가: 1,549,000원",84150
한경희생활과학 HCV-B480,"핸디스틱청소기/무선/흡입+물걸레(교체)/흡입력: 250W/스테이션: 먼지비움, 싸이클론비움, 충전, UVC LED, 스탠드거치/먼지비움시간: 14초/먼지봉투: 1.2L/AI청소/LED라이트/싸이클론흡입/먼지감지센서/물분사/디지털인버터모터/워셔블헤파필터/[배터리] 사용시간: 1시간(최대)/분리형(2개)/리튬이온/[흡입구] 일반/추가브러쉬: 솔형브러쉬, 틈새브러쉬/물걸레: 포함/고온/[색상/크기] 색상: 새틴그레이지/무게: 2.67kg/크기(가로x세로x깊이): 350x1066x300mm/출시가: 1,549,000원",129000
에이스전자 에이스 K7,"핸디스틱청소기/무선/흡입력: 400W/스테이션: 싸이클론비움, 충전, UVC LED, 스탠드거치, 액서서리&배터리거치/먼지비움시간: 14초/먼지봉투: 1.2L/AI청소/LED라이트/먼지감지센서/물분사/디지털인버터모터/워셔블먼지필터/[배터리] 사용시간: 1시간40분(최대)/분리형(2개)/리튬이온/[흡입구] 일반/추가브러쉬: 솔형브러쉬, 틈새브러쉬, 각도조절툴/물걸레: 포함/고온/[색상/크기] 색상: 새틴그레이지/무게: 2.5kg/크기(가로x세로x깊이): 250x970x243mm",198000
삼성전자 비스포크 제트 VS20C954AQN,"핸디스틱청소기/무선/흡입력: 400W/스테이션: 싸이클론비움, 충전, UVC LED, 스탠드거치, 액서서리&배터리거치/먼지비움시간: 14초/먼지봉투: 1.2L/AI청소/LED라이트/먼지감지센서/물분사/디지털인버터모터/워셔블먼지필터/[배터리] 사용시간: 1시간40분(최대)/분리형(2개)/리튬이온/[흡입구] 일반/추가브러쉬: 솔형브러쉬, 틈새브러쉬, 각도조절툴/물걸레: 포함/고온/[색상/크기] 색상: 새틴그레이지/무게: 2.5kg/크기(가로x세로x깊이): 250x970x243mm",990000
드리미 H12S,핸디스틱청소기/무선/흡입전용/BLDC모터/[배터리] 사용시간: 1시간10분(최대)/[흡입구] 추가브러쉬: 각도조절툴/[색상/크기] 색상: 블랙/무게: 1.7kg/크기(가로x세로x깊이): 255x1085x232mm,241500
샤크닌자 샤크 파워클린 360 IW4271KRBK,핸디스틱청소기/무선/흡입전용/BLDC모터/[배터리] 사용시간: 1시간10분(최대)/[흡입구] 추가브러쉬: 각도조절툴/[색상/크기] 색상: 블랙/무게: 1.7kg/크기(가로x세로x깊이): 255x1085x232mm,478990
산리오 캐릭터 데스크 지우개 청소기,"핸디스틱청소기/무선/흡입전용/스테이션: 먼지비움, 스탠드거치/먼지봉투: 3L/AI청소/LED라이트/먼지감지센서/BLDC모터/워셔블헤파필터/[배터리] 사용시간: 20분(최대)/[흡입구] 일반/추가브러쉬: 침구브러쉬, 솔브러쉬, 틈새브러쉬/[색상/크기] 색상: 베이지/무게: 0.8kg",444000
마하 JM-6615,"핸디스틱청소기/무선/흡입전용/스테이션: 먼지비움, 스탠드거치/먼지봉투: 3L/AI청소/LED라이트/먼지감지센서/BLDC모터/워셔블헤파필터/[배터리] 사용시간: 20분(최대)/[흡입구] 일반/추가브러쉬: 침구브러쉬, 솔브러쉬, 틈새브러쉬/[색상/크기] 색상: 베이지/무게: 0.8kg",548990
대우어플라이언스 DEX-EV7000,"핸디스틱청소기/무선/흡입+물걸레(교체)/흡입력: 310W/스테이션: 먼지비움, 싸이클론비움, 충전, UVC LED, 스탠드거치/먼지비움시간: 14초/먼지봉투: 1.2L/AI청소/LED라이트/싸이클론흡입/물분사/디지털인버터모터/워셔블헤파필터/[배터리] 사용시간: 1시간40분(대용량배터리기준)(최대)/분리형(2개)/리튬이온/[흡입구] 일반/추가브러쉬: 솔형브러쉬, 틈새브러쉬/물걸레: 포함/고온/[색상/크기] 색상: 새틴차콜/크기(가로x세로x깊이): 250x970x243mm/출시가: 1,649,000원",127880
쿠쿠전자 파워클론 CVC-B1010UG,"핸디스틱청소기/무선/흡입+물걸레(교체)/흡입력: 310W/스테이션: 먼지비움, 싸이클론비움, 충전, UVC LED, 스탠드거치/먼지비움시간: 14초/먼지봉투: 1.2L/AI청소/LED라이트/싸이클론흡입/물분사/디지털인버터모터/워셔블헤파필터/[배터리] 사용시간: 1시간40분(대용량배터리기준)(최대)/분리형(2개)/리튬이온/[흡입구] 일반/추가브러쉬: 솔형브러쉬, 틈새브러쉬/물걸레: 포함/고온/[색상/크기] 색상: 새틴차콜/크기(가로x세로x깊이): 250x970x243mm/출시가: 1,649,000원",101395
신일전자 SVC-ANN9SJ,"핸디스틱청소기/무선/흡입+물걸레(교체)/흡입력: 315W/스테이션: 충전, 스탠드거치/AI청소/싸이클론흡입/먼지감지센서/[배터리] 사용시간: 1시간10분(최대)/[흡입구] 레이저/바닥+카펫/추가브러쉬: 펫브러쉬, 솔브러쉬, 틈새(내장형)브러쉬/물걸레: 포함/[색상/크기] 색상: 블랙/코퍼/무게: 3.5kg/크기(가로x세로x깊이): 259x1250x250mm",679000
일렉트로룩스 WELL Q7 WQ71-2BSWF,"핸디스틱청소기/무선/흡입+물걸레(교체)/흡입력: 315W/스테이션: 충전, 스탠드거치/AI청소/싸이클론흡입/먼지감지센서/[배터리] 사용시간: 1시간10분(최대)/[흡입구] 레이저/바닥+카펫/추가브러쉬: 펫브러쉬, 솔브러쉬, 틈새(내장형)브러쉬/물걸레: 포함/[색상/크기] 색상: 블랙/코퍼/무게: 3.5kg/크기(가로x세로x깊이): 259x1250x250mm",252700
유니맥스 UVC-1688,"핸디스틱청소기/무선/흡입전용/스테이션: 벽걸이거치/LED라이트/[배터리] 사용시간: 40분(최대)/분리형(1개)/리튬이온/[흡입구] 전방향회전/추가브러쉬: 솔형브러쉬, 틈새브러쉬/[색상/크기] 색상: 블랙/무게: 2.4kg",239000
LG전자 오브제컬렉션 코드제로 A9S AX958AWE,"핸디스틱청소기/무선/흡입전용/스테이션: 벽걸이거치/LED라이트/[배터리] 사용시간: 40분(최대)/분리형(1개)/리튬이온/[흡입구] 전방향회전/추가브러쉬: 솔형브러쉬, 틈새브러쉬/[색상/크기] 색상: 블랙/무게: 2.4kg",923720
삼성전자 비스포크 제트 AI VS90F40CNK,"핸디스틱청소기/무선/흡입전용/흡입력: 12,000Pa/헤파필터/[배터리] 사용시간: 30분(최대)/[흡입구] 일반/추가브러쉬: 솔형브러쉬, 틈새브러쉬/[색상/크기] 색상: 화이트/무게: 0.6kg",650290
캐치웰 CM6+,"핸디스틱청소기/무선/흡입전용/흡입력: 12,000Pa/헤파필터/[배터리] 사용시간: 30분(최대)/[흡입구] 일반/추가브러쉬: 솔형브러쉬, 틈새브러쉬/[색상/크기] 색상: 화이트/무게: 0.6kg",868970
일렉트로룩스 얼티밋홈 800 EFP81824S,"핸디스틱청소기/무선/흡입전용/흡입력: 25,000Pa/스테이션: 먼지비움, 충전, 스탠드거치, 액서서리&배터리거치/LED라이트/먼지감지센서/BLDC모터/[배터리] 사용시간: 32분(최대)/내장형/리튬이온/[흡입구] 일반/추가브러쉬: 솔형브러쉬, 틈새브러쉬/[색상/크기] 색상: 화이트/무게: 1.6kg/크기(가로x세로x깊이): 69x545x75mm",109000
카처 EWM2,"핸디스틱청소기/무선/흡입전용/흡입력: 25,000Pa/스테이션: 먼지비움, 충전, 스탠드거치, 액서서리&배터리거치/LED라이트/먼지감지센서/BLDC모터/[배터리] 사용시간: 32분(최대)/내장형/리튬이온/[흡입구] 일반/추가브러쉬: 솔형브러쉬, 틈새브러쉬/[색상/크기] 색상: 화이트/무게: 1.6kg/크기(가로x세로x깊이): 69x545x75mm",284000
LG전자 오브제컬렉션 코드제로 A9S AX9604WE,핸디스틱청소기/무선/흡입전용/스테이션: 스탠드거치/싸이클론흡입/DC모터/워셔블먼지필터/[배터리] 사용시간: 40분(최대)/리튬이온/[흡입구] 일반/추가브러쉬: 틈새브러쉬/[색상/크기] 색상: 퍼플/무게: 1.9kg/먼지흡입브러쉬: 강모브러쉬,240990
다이슨 V8 플러피,핸디스틱청소기/무선/흡입전용/스테이션: 스탠드거치/싸이클론흡입/DC모터/워셔블먼지필터/[배터리] 사용시간: 40분(최대)/리튬이온/[흡입구] 일반/추가브러쉬: 틈새브러쉬/[색상/크기] 색상: 퍼플/무게: 1.9kg/먼지흡입브러쉬: 강모브러쉬,88000
에어메이드 스마트포스 AMC-3500,"핸디청소기/무선/흡입전용/흡입력: 15W/스테이션: 충전, 스탠드거치/워셔블먼지필터/[배터리] 내장형/니켈카드뮴/[흡입구] 추가브러쉬: 틈새브러쉬/[색상/크기] 색상: 레드/무게: 1kg/크기(가로x세로x깊이): 400x115x110mm",169500
디베아 M500 퀀텀,"핸디청소기/무선/흡입전용/흡입력: 15W/스테이션: 충전, 스탠드거치/워셔블먼지필터/[배터리] 내장형/니켈카드뮴/[흡입구] 추가브러쉬: 틈새브러쉬/[색상/크기] 색상: 레드/무게: 1kg/크기(가로x세로x깊이): 400x115x110mm",216550
일렉트로룩스 얼티밋홈 700 EFS71423,"핸디청소기/무선/흡입전용/스테이션: 충전, 스탠드거치, 액서서리&배터리거치/[흡입구] 추가브러쉬: 틈새브러쉬/[색상/크기] 색상: 실버/무게: 0.8kg/크기(가로x세로x깊이): 425x95x90mm",498990
한빛시스템 HV-5099,"핸디청소기/무선/흡입전용/스테이션: 충전, 스탠드거치, 액서서리&배터리거치/[흡입구] 추가브러쉬: 틈새브러쉬/[색상/크기] 색상: 실버/무게: 0.8kg/크기(가로x세로x깊이): 425x95x90mm",222500
LG전자 오브제컬렉션 코드제로 A9S AU930CWD,"핸디청소기/무선/흡입전용/흡입력: 8,000Pa/스테이션: 충전, 스탠드거치/싸이클론흡입/BLDC모터/헤파필터/[배터리] 사용시간: 30분(최대)/내장형/리튬이온/[흡입구] 일반/추가브러쉬: 솔형브러쉬, 틈새브러쉬/[색상/크기] 색상: 화이트/무게: 0.64kg/크기(가로x세로x깊이): 75x435x75mm",107000
한일 THE 클린 HC-720BP,"핸디청소기/무선/흡입전용/흡입력: 8,000Pa/스테이션: 충전, 스탠드거치/싸이클론흡입/BLDC모터/헤파필터/[배터리] 사용시간: 30분(최대)/내장형/리튬이온/[흡입구] 일반/추가브러쉬: 솔형브러쉬, 틈새브러쉬/[색상/크기] 색상: 화이트/무게: 0.64kg/크기(가로x세로x깊이): 75x435x75mm",194000
삼성전자 비스포크 제트 AI Lite VS28D952HCA,"핸디스틱청소기/무선/흡입+물걸레(교체)/LED라이트/싸이클론흡입/자동물공급/BLDC모터/먼지필터/[배터리] 사용시간: 28분(최대)/분리형(1개)/리튬이온/[흡입구] 일반/추가브러쉬: 솔형브러쉬, 틈새브러쉬, 패브릭브러쉬/[색상/크기] 무게: 2.6kg",1200000
신일전자 SVC-599WS,"핸디스틱청소기/무선/흡입+물걸레(교체)/LED라이트/싸이클론흡입/자동물공급/BLDC모터/먼지필터/[배터리] 사용시간: 28분(최대)/분리형(1개)/리튬이온/[흡입구] 일반/추가브러쉬: 솔형브러쉬, 틈새브러쉬, 패브릭브러쉬/[색상/크기] 무게: 2.6kg",15900
LG전자 코드제로 A9S AS9200BA,"핸디스틱청소기/무선/흡입전용/스테이션: 충전, 스탠드거치/LED라이트/싸이클론흡입/헤파필터/[배터리] 사용시간: 53분(최대)/내장형/[흡입구] 일반/추가브러쉬: 솔형브러쉬, 틈새브러쉬/[색상/크기] 색상: 마호가니브론즈/무게: 2.8kg/크기(가로x세로x깊이): 258ㅌ1105ㅌ140mm",940000
신일전자 SVC-ST25WIF,"핸디스틱청소기/무선/흡입전용/스테이션: 충전, 스탠드거치/LED라이트/싸이클론흡입/헤파필터/[배터리] 사용시간: 53분(최대)/내장형/[흡입구] 일반/추가브러쉬: 솔형브러쉬, 틈새브러쉬/[색상/크기] 색상: 마호가니브론즈/무게: 2.8kg/크기(가로x세로x깊이): 258ㅌ1105ㅌ140mm",24390
테팔 엑스퍼트 7.60 라이트 TY6A12KO,"핸디스틱청소기/무선/흡입전용/흡입력: 220W/스테이션: 먼지비움, 충전, 액서서리수납, 스탠드거치/먼지비움시간: 30초/먼지봉투: 2.5L/싸이클론흡입/스마트인버터모터/[배터리] 사용시간: 1시간(최대)/분리형(1개)/리튬이온/[흡입구] 일반/추가브러쉬: 솔형브러쉬, 틈새브러쉬/[색상/크기] 색상: 에센스그라파이트/무게: 2.47kg/크기(가로x세로x깊이): 250x1120x260mm",155000
JONR ED12,"핸디스틱청소기/무선/흡입전용/흡입력: 220W/스테이션: 먼지비움, 충전, 액서서리수납, 스탠드거치/먼지비움시간: 30초/먼지봉투: 2.5L/싸이클론흡입/스마트인버터모터/[배터리] 사용시간: 1시간(최대)/분리형(1개)/리튬이온/[흡입구] 일반/추가브러쉬: 솔형브러쉬, 틈새브러쉬/[색상/크기] 색상: 에센스그라파이트/무게: 2.47kg/크기(가로x세로x깊이): 250x1120x260mm",188850
휴아코 휴빅 더포스 HB-2800B,"핸디스틱청소기/무선/흡입전용/스테이션: 먼지비움, 충전, 스탠드거치, 액서서리&배터리거치/헤파필터/[배터리] 사용시간: 17분(최대)/내장형/리튬이온/[흡입구] 일반/추가브러쉬: 틈새브러쉬/[색상/크기] 색상: 샌드그레이/무게: 1.9kg/크기(가로x세로x깊이): 267x1030x124mm",114680
삼성전자 비스포크 제트 AI VS30D973JSE,"핸디스틱청소기/무선/흡입전용/스테이션: 먼지비움, 충전, 스탠드거치, 액서서리&배터리거치/헤파필터/[배터리] 사용시간: 17분(최대)/내장형/리튬이온/[흡입구] 일반/추가브러쉬: 틈새브러쉬/[색상/크기] 색상: 샌드그레이/무게: 1.9kg/크기(가로x세로x깊이): 267x1030x124mm",438000
삼성전자 비스포크 제트 AI Lite VS28D952DCA,"핸디스틱청소기/무선/흡입전용/LED라이트/싸이클론흡입/DC모터/워셔블헤파필터/[배터리] 사용시간: 35분(최대)/리튬이온/[흡입구] 일반/추가브러쉬: 솔형브러쉬, 틈새브러쉬, 연장관/[색상/크기] 색상: 레드+블랙/크기(가로x세로x깊이): 260x1170x230mm",438490
다이슨 옴니 글라이드 컴플리트,"핸디스틱청소기/무선/흡입전용/LED라이트/싸이클론흡입/DC모터/워셔블헤파필터/[배터리] 사용시간: 35분(최대)/리튬이온/[흡입구] 일반/추가브러쉬: 솔형브러쉬, 틈새브러쉬, 연장관/[색상/크기] 색상: 레드+블랙/크기(가로x세로x깊이): 260x1170x230mm",321500
블랙앤데커 CS1820T,핸디스틱청소기/무선/흡입전용/흡입력: 150W/싸이클론흡입/워셔블헤파필터/[배터리] 사용시간: 40분(최대)/분리형(1개)/[흡입구] 일반/추가브러쉬: 틈새브러쉬/[색상/크기]  크기(가로x세로x깊이): 250x1120x200mm,357250
무궁화전자 바로바로 MC-B210,핸디스틱청소기/무선/흡입전용/흡입력: 150W/싸이클론흡입/워셔블헤파필터/[배터리] 사용시간: 40분(최대)/분리형(1개)/[흡입구] 일반/추가브러쉬: 틈새브러쉬/[색상/크기]  크기(가로x세로x깊이): 250x1120x200mm,849000
JONR ED12 PRO,"핸디스틱청소기/무선/흡입전용/흡입력: 23,000Pa/워셔블먼지필터/[배터리] 사용시간: 40분(최대)/내장형/[흡입구] 일반/추가브러쉬: 틈새브러쉬/[색상/크기] 색상: 화이트/무게: 0.915kg",8450
투데이리빙 전동 청소솔 + 브러쉬 9종 세트,"핸디스틱청소기/무선/흡입전용/흡입력: 23,000Pa/워셔블먼지필터/[배터리] 사용시간: 40분(최대)/내장형/[흡입구] 일반/추가브러쉬: 틈새브러쉬/[색상/크기] 색상: 화이트/무게: 0.915kg",18520
블라우풍트 블루모션 BLP-VC411KSP,"핸디청소기/무선/흡입전용/흡입력: 6,000Pa/스테이션: 충전, 스탠드거치, 액서서리&배터리거치/워셔블헤파필터/[배터리] 사용시간: 20분(최대)/내장형/[흡입구] 일반/추가브러쉬: 솔형브러쉬, 틈새브러쉬/[색상/크기] 색상: 화이트/무게: 0.65kg/크기(가로x세로x깊이): 120x400x170mm",26880
라헨느 더 퀸 슬림 플러피 LHN-VS800W,"핸디청소기/무선/흡입전용/흡입력: 6,000Pa/스테이션: 충전, 스탠드거치, 액서서리&배터리거치/워셔블헤파필터/[배터리] 사용시간: 20분(최대)/내장형/[흡입구] 일반/추가브러쉬: 솔형브러쉬, 틈새브러쉬/[색상/크기] 색상: 화이트/무게: 0.65kg/크기(가로x세로x깊이): 120x400x170mm",34040
신일전자 SVC-RK200WS,"핸디스틱청소기/무선/흡입전용/흡입력: 22,000Pa/스테이션: 벽걸이거치/LED라이트/싸이클론흡입/BLDC모터/헤파필터/[배터리] 사용시간: 1시간10분(최대)/분리형(1개)/리튬이온/[흡입구] 일반/추가브러쉬: 침구브러쉬, 솔형브러쉬, 틈새브러쉬, 연장관/[색상/크기] 색상: 레드, 블랙/무게: 3.89kg/크기(가로x세로x깊이): 239x1255x105mm",42550
신일전자 SVC-DC2200KP,"핸디스틱청소기/무선/흡입전용/흡입력: 22,000Pa/스테이션: 벽걸이거치/LED라이트/싸이클론흡입/BLDC모터/헤파필터/[배터리] 사용시간: 1시간10분(최대)/분리형(1개)/리튬이온/[흡입구] 일반/추가브러쉬: 침구브러쉬, 솔형브러쉬, 틈새브러쉬, 연장관/[색상/크기] 색상: 레드, 블랙/무게: 3.89kg/크기(가로x세로x깊이): 239x1255x105mm",17940
마끼다 DCL182,"핸디스틱청소기/무선/흡입전용/스테이션: 충전, 벽걸이거치/BLDC모터/먼지필터/[배터리] 사용시간: 30분(최대)/분리형(1개)/리튬이온/[흡입구] 일반/추가브러쉬: 솔형브러쉬, 틈새브러쉬, 연장관/[색상/크기] 색상: 로즈골드/무게: 1.4kg/크기(가로x세로x깊이): 285x734x188mm",122300
ANYOU YQ-669,"핸디스틱청소기/무선/흡입전용/스테이션: 충전, 벽걸이거치/BLDC모터/먼지필터/[배터리] 사용시간: 30분(최대)/분리형(1개)/리튬이온/[흡입구] 일반/추가브러쉬: 솔형브러쉬, 틈새브러쉬, 연장관/[색상/크기] 색상: 로즈골드/무게: 1.4kg/크기(가로x세로x깊이): 285x734x188mm",153530
아이닉 iv10,"핸디스틱청소기/무선/흡입+물걸레(교체)/흡입력: 25,000Pa/스테이션: 충전, 스탠드거치, 액서서리&배터리거치/LED라이트/UV살균/BLDC모터/헤파필터/[배터리] 사용시간: 40분(최대)/분리형(2개)/[흡입구] 전방향회전/추가브러쉬: 침구브러쉬, 솔형브러쉬, 틈새브러쉬/물걸레: 별매/[색상/크기] 색상: 카밍베이지/무게: 2.1kg/크기(가로x세로x깊이): 244x1105x150mm",49800
신일전자 SVC-K7500P,"핸디스틱청소기/무선/흡입+물걸레(교체)/흡입력: 25,000Pa/스테이션: 충전, 스탠드거치, 액서서리&배터리거치/LED라이트/UV살균/BLDC모터/헤파필터/[배터리] 사용시간: 40분(최대)/분리형(2개)/[흡입구] 전방향회전/추가브러쉬: 침구브러쉬, 솔형브러쉬, 틈새브러쉬/물걸레: 별매/[색상/크기] 색상: 카밍베이지/무게: 2.1kg/크기(가로x세로x깊이): 244x1105x150mm",229900
비브르 다루마 DVC820,"핸디스틱청소기/무선/흡입+물걸레(동시)/흡입력: 320W/스테이션: 먼지비움, 충전, 액서서리수납, 스탠드거치/먼지비움시간: 30초/AI청소/LED라이트/오토스탑앤고/먼지감지센서/자동물공급/스마트인버터모터/[배터리] 사용시간: 30분(최대)/분리형(1개)/리튬이온/[흡입구] 와이드/추가브러쉬: 솔형브러쉬, 틈새브러쉬/물걸레: 포함/[색상/크기] 색상: 카밍베이지/무게: 2.54kg/크기(가로x세로x깊이): 300x1100x245mm",25590
다이슨 Gen5 디텍트 컴플리트,"핸디스틱청소기/무선/흡입+물걸레(동시)/흡입력: 320W/스테이션: 먼지비움, 충전, 액서서리수납, 스탠드거치/먼지비움시간: 30초/AI청소/LED라이트/오토스탑앤고/먼지감지센서/자동물공급/스마트인버터모터/[배터리] 사용시간: 30분(최대)/분리형(1개)/리튬이온/[흡입구] 와이드/추가브러쉬: 솔형브러쉬, 틈새브러쉬/물걸레: 포함/[색상/크기] 색상: 카밍베이지/무게: 2.54kg/크기(가로x세로x깊이): 300x1100x245mm",1617000
한경희생활과학 HCV-B290,"핸디스틱청소기/무선/흡입+물걸레(건습식)/흡입력: 420W/스테이션: 먼지비움, 충전, 액서서리수납, 스탠드거치, 액서서리&배터리거치/먼지봉투: 3L/싸이클론흡입/먼지감지센서/물분사/헤파필터/사용시간: 35분(최대)/분리형(1개)/리튬이온/전방향회전/액체흡입/추가브러쉬: 침구브러쉬, 솔형브러쉬, 틈새브러쉬, 카펫브러쉬/물걸레: 포함/무게: 3.1kg/크기(가로x세로x깊이): 272x1023x283mm",1370340
테팔 엑스나노 TY1134KO,"핸디스틱청소기/무선/흡입+물걸레(건습식)/흡입력: 420W/스테이션: 먼지비움, 충전, 액서서리수납, 스탠드거치, 액서서리&배터리거치/먼지봉투: 3L/싸이클론흡입/먼지감지센서/물분사/헤파필터/사용시간: 35분(최대)/분리형(1개)/리튬이온/전방향회전/액체흡입/추가브러쉬: 침구브러쉬, 솔형브러쉬, 틈새브러쉬, 카펫브러쉬/물걸레: 포함/무게: 3.1kg/크기(가로x세로x깊이): 272x1023x283mm",36710
샤오미 미홀 M22 LITE,"핸디스틱청소기/무선/흡입전용/흡입력: 20,000Pa/스테이션: 먼지비움, 충전, UVC LED, 스탠드거치, 액서서리&배터리거치/먼지봉투: 2.8L/LED라이트/싸이클론흡입/먼지감지센서/BLDC모터/워셔블헤파필터/[배터리] 사용시간: 35분(최대)/분리형(1개)/[흡입구] 일반/추가브러쉬: 솔형브러쉬, 틈새브러쉬/[색상/크기] 색상: 화이트/무게: 0.78kg/크기(가로x세로x깊이): 246x1146x348mm",488000
쿠쿠전자 파워클론 CVC-AE1420NW,"핸디스틱청소기/무선/흡입전용/흡입력: 20,000Pa/스테이션: 먼지비움, 충전, UVC LED, 스탠드거치, 액서서리&배터리거치/먼지봉투: 2.8L/LED라이트/싸이클론흡입/먼지감지센서/BLDC모터/워셔블헤파필터/[배터리] 사용시간: 35분(최대)/분리형(1개)/[흡입구] 일반/추가브러쉬: 솔형브러쉬, 틈새브러쉬/[색상/크기] 색상: 화이트/무게: 0.78kg/크기(가로x세로x깊이): 246x1146x348mm",464790
삼성전자 비스포크 제트 AI VS90FCA95CSK,"핸디스틱청소기/무선/흡입전용/스테이션: 먼지비움, 충전, 스탠드거치, 액서서리&배터리거치/AI청소/LED라이트/먼지감지센서/워셔블먼지필터/[배터리] 사용시간: 1시간(최대)/분리형(2개)/리튬이온/[흡입구] 일반/전방향회전/추가브러쉬: 침구브러쉬, 솔브러쉬, 틈새브러쉬, 미니브러쉬/[색상/크기] 색상: 웜블랙/무게: 1.6kg/크기(가로x세로x깊이): 228x1041x161mm",858990
삼성전자 비스포크 제트 AI Lite VS28D952HCB,"핸디스틱청소기/무선/흡입전용/스테이션: 먼지비움, 충전, 스탠드거치, 액서서리&배터리거치/AI청소/LED라이트/먼지감지센서/워셔블먼지필터/[배터리] 사용시간: 1시간(최대)/분리형(2개)/리튬이온/[흡입구] 일반/전방향회전/추가브러쉬: 침구브러쉬, 솔브러쉬, 틈새브러쉬, 미니브러쉬/[색상/크기] 색상: 웜블랙/무게: 1.6kg/크기(가로x세로x깊이): 228x1041x161mm",496130
삼성전자 비스포크 제트 AI VS30D973ISS,"핸디스틱청소기/무선/흡입전용/스테이션: 충전, 스탠드거치/싸이클론흡입/먼지필터/[배터리] 사용시간: 12분(최대)/리튬이온/[흡입구] 일반/추가브러쉬: 솔형브러쉬, 틈새브러쉬, 연장관/[색상/크기] 색상: 화이트/무게: 1.38kg/피벗노즐/크기(가로x세로x깊이): 270x170x140mm",159000
다이슨 V11 컴플리트,"핸디스틱청소기/무선/흡입전용/스테이션: 충전, 스탠드거치/싸이클론흡입/먼지필터/[배터리] 사용시간: 12분(최대)/리튬이온/[흡입구] 일반/추가브러쉬: 솔형브러쉬, 틈새브러쉬, 연장관/[색상/크기] 색상: 화이트/무게: 1.38kg/피벗노즐/크기(가로x세로x깊이): 270x170x140mm",187780
미닉스 더 슬림 MNVC-100G,"핸디스틱청소기/무선/흡입전용/스테이션: 충전, 스탠드거치/워셔블먼지필터/[배터리] 사용시간: 8~12분(최대)/[흡입구] 일반/추가브러쉬: 틈새브러쉬/[색상/크기] 색상: 블랙/크기(가로x세로x깊이): 200x420x138mm",119000
신일전자 SVC-2699,"핸디스틱청소기/무선/흡입전용/스테이션: 충전, 스탠드거치/워셔블먼지필터/[배터리] 사용시간: 8~12분(최대)/[흡입구] 일반/추가브러쉬: 틈새브러쉬/[색상/크기] 색상: 블랙/크기(가로x세로x깊이): 200x420x138mm",272290
에이스전자 AVC-602RCK,"핸디스틱청소기/무선/흡입전용/흡입력: 28,000Pa/스테이션: 충전, 스탠드거치, 액서서리&배터리거치/LED라이트/BLDC모터/헤파필터/[배터리] 사용시간: 30분(최대)/분리형(1개)/리튬이온/[흡입구] 전방향회전/추가브러쉬: 솔형브러쉬, 틈새브러쉬/[색상/크기] 무게: 1.6kg",75000
도어스코리아 홈리아 더스트제로 HA-330W,"핸디스틱청소기/무선/흡입전용/흡입력: 28,000Pa/스테이션: 충전, 스탠드거치, 액서서리&배터리거치/LED라이트/BLDC모터/헤파필터/[배터리] 사용시간: 30분(최대)/분리형(1개)/리튬이온/[흡입구] 전방향회전/추가브러쉬: 솔형브러쉬, 틈새브러쉬/[색상/크기] 무게: 1.6kg",849000
디베아 THE AUTO,"핸디스틱청소기/무선/흡입전용/흡입력: 130W/LED라이트/싸이클론흡입/DC모터/헤파필터/[배터리] 사용시간: 35분(최대)/분리형(1개)/리튬이온/[흡입구] 일반/추가브러쉬: 솔형브러쉬, 틈새브러쉬/[색상/크기] 색상: 블랙+다크그린/크기(가로x세로x깊이): 260x1100x230mm",98090
다이슨 V15 디텍트 컴플리트,"핸디스틱청소기/무선/흡입전용/흡입력: 130W/LED라이트/싸이클론흡입/DC모터/헤파필터/[배터리] 사용시간: 35분(최대)/분리형(1개)/리튬이온/[흡입구] 일반/추가브러쉬: 솔형브러쉬, 틈새브러쉬/[색상/크기] 색상: 블랙+다크그린/크기(가로x세로x깊이): 260x1100x230mm",1160840
삼성전자 비스포크 제트 AI VS28C973DRK,"핸디스틱청소기/무선/흡입+물걸레(교체)/흡입력: 25,000Pa/스테이션: 벽걸이거치/LED라이트/UV살균/BLDC모터/헤파필터/[배터리] 사용시간: 50분(최대)/분리형(1개)/리튬이온/[흡입구] 일반/추가브러쉬: 침구브러쉬, 솔형브러쉬, 틈새브러쉬/물걸레: 별매/[색상/크기] 색상: 화이트/무게: 2.5kg/크기(가로x세로x깊이): 230x1150x210mm",62900
먼작귀 미니미 청소기,"핸디스틱청소기/무선/흡입+물걸레(교체)/흡입력: 25,000Pa/스테이션: 벽걸이거치/LED라이트/UV살균/BLDC모터/헤파필터/[배터리] 사용시간: 50분(최대)/분리형(1개)/리튬이온/[흡입구] 일반/추가브러쉬: 침구브러쉬, 솔형브러쉬, 틈새브러쉬/물걸레: 별매/[색상/크기] 색상: 화이트/무게: 2.5kg/크기(가로x세로x깊이): 230x1150x210mm",587020
보만 VC7212,"핸디스틱청소기/무선/흡입+물걸레(건습식)/흡입력: 250W/스테이션: 먼지비움, 충전, UVC LED, 액서서리수납, 스탠드거치/먼지봉투: 3L/LED라이트/먼지감지센서/BLDC모터/헤파필터/[배터리] 사용시간: 45분(최대)/[흡입구] 와이드/전방향회전/추가브러쉬: 침구브러쉬, 솔형브러쉬, 틈새브러쉬/물걸레: 포함/[색상/크기] 색상: 노블화이트/무게: 3kg/크기(가로x세로x깊이): 280x937x261mm",296110
디베아 ALLNEW22000+,"핸디스틱청소기/무선/흡입+물걸레(건습식)/흡입력: 250W/스테이션: 먼지비움, 충전, UVC LED, 액서서리수납, 스탠드거치/먼지봉투: 3L/LED라이트/먼지감지센서/BLDC모터/헤파필터/[배터리] 사용시간: 45분(최대)/[흡입구] 와이드/전방향회전/추가브러쉬: 침구브러쉬, 솔형브러쉬, 틈새브러쉬/물걸레: 포함/[색상/크기] 색상: 노블화이트/무게: 3kg/크기(가로x세로x깊이): 280x937x261mm",209000
다이슨 옴니 글라이드,"핸디스틱청소기/무선/흡입전용/흡입력: 151W/스테이션: 충전, 벽걸이거치/싸이클론흡입/먼지필터/[배터리] 사용시간: 1시간(최대)/[흡입구] 일반/추가브러쉬: 솔형브러쉬, 틈새브러쉬, 미니브러쉬/[색상/크기] 색상: 레드/무게: 2.5kg/크기(가로x세로x깊이): 256x1241x250mm",168500
신일전자 SVC-HW03KP,"핸디스틱청소기/무선/흡입전용/흡입력: 151W/스테이션: 충전, 벽걸이거치/싸이클론흡입/먼지필터/[배터리] 사용시간: 1시간(최대)/[흡입구] 일반/추가브러쉬: 솔형브러쉬, 틈새브러쉬, 미니브러쉬/[색상/크기] 색상: 레드/무게: 2.5kg/크기(가로x세로x깊이): 256x1241x250mm",169540
마끼다 DCL180Z,"스틱청소기/무선/흡입+물걸레(건습식)/흡입력: 20,000Pa/스테이션: 스탠드거치/오토스탑앤고/[배터리] 사용시간: 1시간(최대)/롤러/액체흡입/브러쉬자동세척/브러쉬자동건조/오토드라이빙/자동세제투입/오염감지센서/베젤리스브러쉬/색상: 스페이스그레이/무게: 4.2kg/물걸레 압력: 20N/음성안내/크기(가로x세로x깊이): 255x1172x273mm",129000
마이디어 MX06KRWH,"스틱청소기/무선/흡입+물걸레(건습식)/흡입력: 20,000Pa/스테이션: 스탠드거치/오토스탑앤고/[배터리] 사용시간: 1시간(최대)/롤러/액체흡입/브러쉬자동세척/브러쉬자동건조/오토드라이빙/자동세제투입/오염감지센서/베젤리스브러쉬/색상: 스페이스그레이/무게: 4.2kg/물걸레 압력: 20N/음성안내/크기(가로x세로x깊이): 255x1172x273mm",905000
샤오미 G20 Max D206,"핸디청소기/무선/흡입전용/스테이션: 충전, 스탠드거치/[배터리] 내장형/리튬이온/[색상/크기] 무게: 1.14kg",1086480
일렉트로룩스 얼티밋홈 600 EFP61713,"핸디청소기/무선/흡입전용/스테이션: 충전, 스탠드거치/[배터리] 내장형/리튬이온/[색상/크기] 무게: 1.14kg",578190
먼작귀 스마트 고급 청소기,"핸디스틱청소기/무선/흡입전용/흡입력: 20,000Pa/스테이션: 먼지비움, 충전, 스탠드거치, 액서서리&배터리거치/먼지봉투: 2L/BLDC모터/[배터리] 사용시간: 35분(최대)/내장형/리튬이온/[흡입구] 전방향회전/추가브러쉬: 침구브러쉬, 솔형브러쉬, 틈새브러쉬/[색상/크기] 색상: 화이트/무게: 1.8kg/크기(가로x세로x깊이): 235x1080x135mm",471100
삼성전자 비스포크 제트 AI VS90FCA95CNG,"핸디스틱청소기/무선/흡입전용/흡입력: 20,000Pa/스테이션: 먼지비움, 충전, 스탠드거치, 액서서리&배터리거치/먼지봉투: 2L/BLDC모터/[배터리] 사용시간: 35분(최대)/내장형/리튬이온/[흡입구] 전방향회전/추가브러쉬: 침구브러쉬, 솔형브러쉬, 틈새브러쉬/[색상/크기] 색상: 화이트/무게: 1.8kg/크기(가로x세로x깊이): 235x1080x135mm",123500
다이슨 V12s 디텍트 슬림 서브마린 (옐로/니켈),"핸디청소기/무선/흡입전용/스테이션: 충전, 스탠드거치, 액서서리&배터리거치/BLDC모터/먼지필터/[배터리] 사용시간: 12분(최대)/분리형(1개)/리튬이온/[흡입구] 추가브러쉬: 침구브러쉬, 솔형브러쉬, 틈새브러쉬, 패브릭브러쉬, 연장관/[색상/크기] 색상: 블랙/무게: 0.6kg/크기(가로x세로x깊이): 61x419x53mm",48750
드리미 H15,"핸디청소기/무선/흡입전용/스테이션: 충전, 스탠드거치, 액서서리&배터리거치/BLDC모터/먼지필터/[배터리] 사용시간: 12분(최대)/분리형(1개)/리튬이온/[흡입구] 추가브러쉬: 침구브러쉬, 솔형브러쉬, 틈새브러쉬, 패브릭브러쉬, 연장관/[색상/크기] 색상: 블랙/무게: 0.6kg/크기(가로x세로x깊이): 61x419x53mm",354080
컴팩트 데스크 청소기 K6,"핸디스틱청소기/무선/흡입전용/흡입력: 315W/스테이션: 충전, 스탠드거치, 액서서리&배터리거치/AI청소/먼지감지센서/헤파필터/[배터리] 사용시간: 1시간10분(최대)/분리형(1개)/[흡입구] 레이저/추가브러쉬: 솔브러쉬, 틈새브러쉬, 틈새(내장형)브러쉬, 패브릭브러쉬/[색상/크기] 색상: 블랙/코퍼/무게: 3.5kg/크기(가로x세로x깊이): 259x1298x250mm",29800
한경희생활과학 VS-700BL (23년형),"핸디스틱청소기/무선/흡입전용/흡입력: 315W/스테이션: 충전, 스탠드거치, 액서서리&배터리거치/AI청소/먼지감지센서/헤파필터/[배터리] 사용시간: 1시간10분(최대)/분리형(1개)/[흡입구] 레이저/추가브러쉬: 솔브러쉬, 틈새브러쉬, 틈새(내장형)브러쉬, 패브릭브러쉬/[색상/크기] 색상: 블랙/코퍼/무게: 3.5kg/크기(가로x세로x깊이): 259x1298x250mm",14860
라이트컴 COMS YC913,"핸디스틱청소기/무선/흡입전용/흡입력: 280W/스테이션: 먼지비움, 충전, UVC LED, 스탠드거치, 액서서리&배터리거치/먼지비움시간: 14초/먼지봉투: 1.2L/AI청소/LED라이트/싸이클론흡입/먼지감지센서/워셔블먼지필터/[배터리] 사용시간: 30분(최대)/분리형(1개)/리튬이온/[흡입구] 일반/추가브러쉬: 침구브러쉬, 솔형브러쉬, 틈새브러쉬/[색상/크기] 색상: 미스티화이트/무게: 2.3kg/크기(가로x세로x깊이): 300x1055x300mm",266110
대웅모닝컴 DWVC-DC9180KP,"핸디스틱청소기/무선/흡입전용/흡입력: 280W/스테이션: 먼지비움, 충전, UVC LED, 스탠드거치, 액서서리&배터리거치/먼지비움시간: 14초/먼지봉투: 1.2L/AI청소/LED라이트/싸이클론흡입/먼지감지센서/워셔블먼지필터/[배터리] 사용시간: 30분(최대)/분리형(1개)/리튬이온/[흡입구] 일반/추가브러쉬: 침구브러쉬, 솔형브러쉬, 틈새브러쉬/[색상/크기] 색상: 미스티화이트/무게: 2.3kg/크기(가로x세로x깊이): 300x1055x300mm",880230
삼성전자 비스포크 제트 AI Lite VS28D950HCA,"핸디스틱청소기/무선/흡입+물걸레(교체)/흡입력: 210W/스테이션: 먼지비움, 충전, 스탠드거치/먼지비움시간: 20초/먼지봉투: 1.2L/싸이클론흡입/물분사/자동물공급/디지털인버터모터/워셔블헤파필터/[배터리] 사용시간: 1시간(최대)/분리형(2개)/리튬이온/[흡입구] 일반/추가브러쉬: 침구브러쉬, 솔형브러쉬, 틈새브러쉬, 연장관/물걸레: 포함/[색상/크기] 색상: 우디그린/무게: 2.5kg/크기(가로x세로x깊이): 250x930x202mm",86110
샤크닌자 샤크 에보 파워 시스템 CS301KR,"핸디스틱청소기/무선/흡입+물걸레(교체)/흡입력: 210W/스테이션: 먼지비움, 충전, 스탠드거치/먼지비움시간: 20초/먼지봉투: 1.2L/싸이클론흡입/물분사/자동물공급/디지털인버터모터/워셔블헤파필터/[배터리] 사용시간: 1시간(최대)/분리형(2개)/리튬이온/[흡입구] 일반/추가브러쉬: 침구브러쉬, 솔형브러쉬, 틈새브러쉬, 연장관/물걸레: 포함/[색상/크기] 색상: 우디그린/무게: 2.5kg/크기(가로x세로x깊이): 250x930x202mm",55890
블랙앤데커 코끼리코 플렉시 20V PD1810BEX21,"핸디스틱청소기/무선/흡입+물걸레(건습식)/흡입력: 100W/스테이션: 충전, 벽걸이거치/싸이클론흡입/헤파필터/[배터리] 사용시간: 40분(최대)/분리형(1개)/[흡입구] 일반/롤러/액체흡입/추가브러쉬: 펫브러쉬, 솔형브러쉬, 틈새브러쉬/물걸레: 포함/[색상/크기] 무게: 1.9kg/크기(가로x세로x깊이): 250x1100x233mm",67300
AGK NORDIC 퀵 클린 AGK-VC2000B,"핸디스틱청소기/무선/흡입+물걸레(건습식)/흡입력: 100W/스테이션: 충전, 벽걸이거치/싸이클론흡입/헤파필터/[배터리] 사용시간: 40분(최대)/분리형(1개)/[흡입구] 일반/롤러/액체흡입/추가브러쉬: 펫브러쉬, 솔형브러쉬, 틈새브러쉬/물걸레: 포함/[색상/크기] 무게: 1.9kg/크기(가로x세로x깊이): 250x1100x233mm",210800
쿠쿠전자 파워클론 CVC-B1020UG,"핸디스틱청소기/무선/흡입전용/스테이션: 벽걸이거치, 액서서리&배터리거치/LED라이트/BLDC모터/워셔블먼지필터/[배터리] 사용시간: 30분(최대)/[흡입구] 일반/추가브러쉬: 침구브러쉬, 솔형브러쉬, 틈새브러쉬/[색상/크기] 색상: 화이트, 그린, 로즈골드/무게: 1.3kg/크기(가로x세로x깊이): 225x1163x170mm",289300
헤몬 싸이클론X 무선청소기,"핸디스틱청소기/무선/흡입전용/스테이션: 벽걸이거치, 액서서리&배터리거치/LED라이트/BLDC모터/워셔블먼지필터/[배터리] 사용시간: 30분(최대)/[흡입구] 일반/추가브러쉬: 침구브러쉬, 솔형브러쉬, 틈새브러쉬/[색상/크기] 색상: 화이트, 그린, 로즈골드/무게: 1.3kg/크기(가로x세로x깊이): 225x1163x170mm",386300
한빛시스템 HV-5088,"핸디스틱청소기/무선/흡입전용/스테이션: 벽걸이거치/LED라이트/싸이클론흡입/DC모터/워셔블헤파필터/[배터리] 사용시간: 35분(최대)/리튬이온/[흡입구] 일반/추가브러쉬: 솔형브러쉬, 틈새브러쉬/[색상/크기] 색상: 블랙+블루/크기(가로x세로x깊이): 260x1170x230mm",26880
드리미 MOVA S3,"핸디스틱청소기/무선/흡입전용/스테이션: 벽걸이거치/LED라이트/싸이클론흡입/DC모터/워셔블헤파필터/[배터리] 사용시간: 35분(최대)/리튬이온/[흡입구] 일반/추가브러쉬: 솔형브러쉬, 틈새브러쉬/[색상/크기] 색상: 블랙+블루/크기(가로x세로x깊이): 260x1170x230mm",17440
드리미 MOVA K10 Pro,"핸디스틱청소기/무선/흡입+물걸레(교체)/흡입력: 310W/스테이션: 먼지비움, 싸이클론비움, 충전, UVC LED, 스탠드거치/먼지비움시간: 14초/먼지봉투: 1.2L/AI청소/LED라이트/싸이클론흡입/물분사/디지털인버터모터/워셔블헤파필터/[배터리] 사용시간: 1시간40분(대용량배터리기준)(최대)/분리형(2개)/리튬이온/[흡입구] 일반/추가브러쉬: 침구브러쉬, 솔형브러쉬, 틈새브러쉬, 각도조절툴/물걸레: 포함/고온/[색상/크기] 색상: 새틴그레이지/크기(가로x세로x깊이): 350x1091x300mm/출시가: 1,749,000원",109000
스위스밀리터리 브라운스톰 SMA-BL5000V,"핸디스틱청소기/무선/흡입+물걸레(교체)/흡입력: 310W/스테이션: 먼지비움, 싸이클론비움, 충전, UVC LED, 스탠드거치/먼지비움시간: 14초/먼지봉투: 1.2L/AI청소/LED라이트/싸이클론흡입/물분사/디지털인버터모터/워셔블헤파필터/[배터리] 사용시간: 1시간40분(대용량배터리기준)(최대)/분리형(2개)/리튬이온/[흡입구] 일반/추가브러쉬: 침구브러쉬, 솔형브러쉬, 틈새브러쉬, 각도조절툴/물걸레: 포함/고온/[색상/크기] 색상: 새틴그레이지/크기(가로x세로x깊이): 350x1091x300mm/출시가: 1,749,000원",245600
테팔 엑스퍼트 7.60 화이트포스 TY6A17KO,"핸디스틱청소기/무선/흡입전용/흡입력: 80W/스테이션: 먼지비움, 충전, 스탠드거치, 액서서리&배터리거치/LED라이트/BLDC모터/헤파필터/[배터리] 사용시간: 35분(최대)/[흡입구] 전방향회전/추가브러쉬: 솔브러쉬, 틈새브러쉬/[색상/크기] 색상: 어스그레이지/무게: 1.6kg/크기(가로x세로x깊이): 139x1058x227mm",57450
모온 뉴 오비큠 (2022년형),"핸디스틱청소기/무선/흡입전용/흡입력: 80W/스테이션: 먼지비움, 충전, 스탠드거치, 액서서리&배터리거치/LED라이트/BLDC모터/헤파필터/[배터리] 사용시간: 35분(최대)/[흡입구] 전방향회전/추가브러쉬: 솔브러쉬, 틈새브러쉬/[색상/크기] 색상: 어스그레이지/무게: 1.6kg/크기(가로x세로x깊이): 139x1058x227mm",148000
아이닉 i30 아이타워,"핸디스틱청소기/무선/흡입+물걸레(교체)/흡입력: 22,000Pa/스테이션: 먼지비움, 충전, 스탠드거치/LED라이트/BLDC모터/워셔블헤파필터/[배터리] 사용시간: 30분(최대)/분리형(1개)/리튬이온/[흡입구] 일반/추가브러쉬: 솔브러쉬, 틈새브러쉬/물걸레: 별매/[색상/크기] 색상: 화이트/무게: 1.9kg",756990
JONR VC12 PRO,"핸디스틱청소기/무선/흡입+물걸레(교체)/흡입력: 22,000Pa/스테이션: 먼지비움, 충전, 스탠드거치/LED라이트/BLDC모터/워셔블헤파필터/[배터리] 사용시간: 30분(최대)/분리형(1개)/리튬이온/[흡입구] 일반/추가브러쉬: 솔브러쉬, 틈새브러쉬/물걸레: 별매/[색상/크기] 색상: 화이트/무게: 1.9kg",755950
로보락 H5,"핸디스틱청소기/무선/흡입전용/흡입력: 19,000Pa/LED라이트/BLDC모터/헤파필터/[배터리] 사용시간: 20분(최대)/[흡입구] 일반/추가브러쉬: 솔형브러쉬, 틈새브러쉬, 패브릭브러쉬, 연장관/[색상/크기] 색상: 화이트/무게: 0.5kg",149720
라이트컴 COMS 휴대용 미니 NE875,"핸디스틱청소기/무선/흡입전용/흡입력: 19,000Pa/LED라이트/BLDC모터/헤파필터/[배터리] 사용시간: 20분(최대)/[흡입구] 일반/추가브러쉬: 솔형브러쉬, 틈새브러쉬, 패브릭브러쉬, 연장관/[색상/크기] 색상: 화이트/무게: 0.5kg",161800
아이비스 고양이 데스크 청소기,"핸디스틱청소기/무선/흡입전용/흡입력: 65W(6,500Pa)/DC모터/워셔블먼지필터/[배터리] 내장형/리튬이온/[흡입구] 일반/추가브러쉬: 솔브러쉬, 틈새브러쉬/[색상/크기] 색상: 화이트, 블랙/무게: 0.4kg/크기(가로x세로x깊이): 240x1050x130mm",216380
신일전자 SVC-3996,"핸디스틱청소기/무선/흡입전용/흡입력: 65W(6,500Pa)/DC모터/워셔블먼지필터/[배터리] 내장형/리튬이온/[흡입구] 일반/추가브러쉬: 솔브러쉬, 틈새브러쉬/[색상/크기] 색상: 화이트, 블랙/무게: 0.4kg/크기(가로x세로x깊이): 240x1050x130mm",180390
몰랑이 미니 데스크 청소기,"핸디스틱청소기/무선/흡입+물걸레(교체)/흡입력: 20,000Pa/스테이션: 스탠드거치/LED라이트/싸이클론흡입/BLDC모터/워셔블먼지필터/[배터리] 사용시간: 40분(최대)/분리형(1개)/리튬이온/[흡입구] 일반/추가브러쉬: 솔형브러쉬, 틈새브러쉬, 패브릭브러쉬, 연장관/물걸레: 별매/[색상/크기] 색상: 화이트/무게: 2.3kg/크기(가로x세로): 245x1065mm",1418119
신일전자 롤링스턴 SVC-DC2200SK,"핸디스틱청소기/무선/흡입+물걸레(교체)/흡입력: 20,000Pa/스테이션: 스탠드거치/LED라이트/싸이클론흡입/BLDC모터/워셔블먼지필터/[배터리] 사용시간: 40분(최대)/분리형(1개)/리튬이온/[흡입구] 일반/추가브러쉬: 솔형브러쉬, 틈새브러쉬, 패브릭브러쉬, 연장관/물걸레: 별매/[색상/크기] 색상: 화이트/무게: 2.3kg/크기(가로x세로): 245x1065mm",1160840
일렉트로룩스 ZB3301,"핸디스틱청소기/무선/흡입+물걸레(교체)/흡입력: 220W/스테이션: 먼지비움, 충전, UVC LED, 스탠드거치/먼지비움시간: 14초/먼지봉투: 1.2L/LED라이트/싸이클론흡입/디지털인버터모터/워셔블헤파필터/[배터리] 사용시간: 1시간(최대)/분리형(1개)/리튬이온/[흡입구] 일반/추가브러쉬: 솔형브러쉬, 틈새브러쉬, 각도조절툴/물걸레: 별매/[색상/크기] 색상: 산토리니베이지/크기(가로x세로x깊이): 250x930x202mm",1317950
도어스코리아 홈리아 룸스틱 프로 HA-14BL,"핸디스틱청소기/무선/흡입+물걸레(교체)/흡입력: 220W/스테이션: 먼지비움, 충전, UVC LED, 스탠드거치/먼지비움시간: 14초/먼지봉투: 1.2L/LED라이트/싸이클론흡입/디지털인버터모터/워셔블헤파필터/[배터리] 사용시간: 1시간(최대)/분리형(1개)/리튬이온/[흡입구] 일반/추가브러쉬: 솔형브러쉬, 틈새브러쉬, 각도조절툴/물걸레: 별매/[색상/크기] 색상: 산토리니베이지/크기(가로x세로x깊이): 250x930x202mm",1131730
LG전자 오브제컬렉션 코드제로 A9S AO9571GKT,"핸디스틱청소기/무선/흡입+물걸레(교체)/스테이션: 먼지비움, 충전, 스탠드거치, 액서서리&배터리거치/먼지봉투: 3L/LED라이트/싸이클론흡입/BLDC모터/[배터리] 사용시간: 35분(최대)/분리형(1개)/리튬이온/[흡입구] 일반/레이저/롤러/추가브러쉬: 솔브러쉬, 틈새브러쉬/물걸레: 별매/[색상/크기] 색상: 화이트/무게: 0.9kg",369000
JONR ED20 PRO,"핸디스틱청소기/무선/흡입+물걸레(교체)/스테이션: 먼지비움, 충전, 스탠드거치, 액서서리&배터리거치/먼지봉투: 3L/LED라이트/싸이클론흡입/BLDC모터/[배터리] 사용시간: 35분(최대)/분리형(1개)/리튬이온/[흡입구] 일반/레이저/롤러/추가브러쉬: 솔브러쉬, 틈새브러쉬/물걸레: 별매/[색상/크기] 색상: 화이트/무게: 0.9kg",99900
삼성전자 파워스틱 VS03R6523J2,"스틱청소기/무선/흡입+물걸레(동시)/흡입력: 20,000Pa/스테이션: 스탠드거치/[배터리] 사용시간: 35분(최대)/[흡입구] 롤러/브러쉬자동세척/브러쉬자동건조/베젤리스브러쉬/[색상/크기] 색상: 화이트/크기(가로x세로x깊이): 262x1100x221mm",10000
신일전자 SVC-K720TW,"스틱청소기/무선/흡입+물걸레(동시)/흡입력: 20,000Pa/스테이션: 스탠드거치/[배터리] 사용시간: 35분(최대)/[흡입구] 롤러/브러쉬자동세척/브러쉬자동건조/베젤리스브러쉬/[색상/크기] 색상: 화이트/크기(가로x세로x깊이): 262x1100x221mm",316000
삼성전자 비스포크 제트 VS20A956A3N,"욕실청소기/무선/전동회전/사용시간: 1시간40분(최대)/[색상/크기] 색상: 화이트/무게: 1.1kg/방수등급: IPX6/브러쉬: 틈새, 평면(S,M), 원형, 수세미, 스펀지/연장봉길이조절: 최대 107cm",107820
일렉트로룩스 얼티밋홈 900 EFP91825,"욕실청소기/무선/전동회전/사용시간: 1시간40분(최대)/[색상/크기] 색상: 화이트/무게: 1.1kg/방수등급: IPX6/브러쉬: 틈새, 평면(S,M), 원형, 수세미, 스펀지/연장봉길이조절: 최대 107cm",65000
드리미 Z30Station,"핸디스틱청소기/무선/흡입+물걸레(동시)/흡입력: 280W/스테이션: 먼지비움, 충전, 액서서리수납, 스탠드거치/먼지비움시간: 30초/먼지봉투: 2.5L/LED라이트/싸이클론흡입/오토스탑앤고/자동물공급/스마트인버터모터/워셔블헤파필터/[배터리] 사용시간: 30분(최대)/분리형(2개)/리튬이온/[흡입구] 와이드/추가브러쉬: 솔형브러쉬, 틈새브러쉬/물걸레: 포함/스팀/고온/[색상/크기] 색상: 에센스화이트/무게: 2.49kg/크기(가로x세로x깊이): 300x1100x245mm/출시가: 1,515,000원",1155000
일렉트로룩스 얼티밋홈 700 라이트 EFP71523,"핸디스틱청소기/무선/흡입+물걸레(동시)/흡입력: 280W/스테이션: 먼지비움, 충전, 액서서리수납, 스탠드거치/먼지비움시간: 30초/먼지봉투: 2.5L/LED라이트/싸이클론흡입/오토스탑앤고/자동물공급/스마트인버터모터/워셔블헤파필터/[배터리] 사용시간: 30분(최대)/분리형(2개)/리튬이온/[흡입구] 와이드/추가브러쉬: 솔형브러쉬, 틈새브러쉬/물걸레: 포함/스팀/고온/[색상/크기] 색상: 에센스화이트/무게: 2.49kg/크기(가로x세로x깊이): 300x1100x245mm/출시가: 1,515,000원",915000
보만 VC7210,"창문청소기/무선/물흡입/흡입력: 11,000Pa/사용시간: 30분(최대)/[색상/크기] 무게: 0.95kg",1274000
쿠쿠전자 파워클론 슬림 CVC-G08FF30NW,"창문청소기/무선/물흡입/흡입력: 11,000Pa/사용시간: 30분(최대)/[색상/크기] 무게: 0.95kg",1078820
삼성전자 비스포크 제트 AI VS25C972DRS,핸디청소기/무선/흡입전용/스테이션: 스탠드거치/[배터리] 리튬이온/[색상/크기] 색상: 블랙/무게: 1.38kg/크기(가로x세로x깊이): 140x270x170mm,7480
일렉트로룩스 얼티밋홈 700 라이트 EFP71522,핸디청소기/무선/흡입전용/스테이션: 스탠드거치/[배터리] 리튬이온/[색상/크기] 색상: 블랙/무게: 1.38kg/크기(가로x세로x깊이): 140x270x170mm,52900
쿠쿠전자 파워클론 미니 CVC-EH10NWM,"핸디스틱청소기/무선/흡입전용/흡입력: 150W/스테이션: 벽걸이거치/LED라이트/헤파필터/[배터리] 사용시간: 20분(최대)/리튬이온/[흡입구] 일반/추가브러쉬: 솔형브러쉬, 틈새브러쉬, 연장관/[색상/크기] 무게: 1.3kg/크기(가로x세로x깊이): 230x1120x300mm",199000
필박스 위시캣 미니미 청소기,"핸디스틱청소기/무선/흡입전용/흡입력: 150W/스테이션: 벽걸이거치/LED라이트/헤파필터/[배터리] 사용시간: 20분(최대)/리튬이온/[흡입구] 일반/추가브러쉬: 솔형브러쉬, 틈새브러쉬, 연장관/[색상/크기] 무게: 1.3kg/크기(가로x세로x깊이): 230x1120x300mm",259000
청연엠엔에스 나비 NV92-ECL77,"핸디스틱청소기/무선/흡입전용/흡입력: 18,000Pa/LED라이트/BLDC모터/워셔블헤파필터/[배터리] 사용시간: 30분(최대)/내장형/리튬이온/[흡입구] 전방향회전/추가브러쉬: 솔형브러쉬, 틈새브러쉬/[색상/크기] 색상: 화이트/무게: 2.4kg/크기(가로x세로x깊이): 247x1210x165mm",528990
신일전자 SVC-WN2200MR,"핸디스틱청소기/무선/흡입전용/흡입력: 18,000Pa/LED라이트/BLDC모터/워셔블헤파필터/[배터리] 사용시간: 30분(최대)/내장형/리튬이온/[흡입구] 전방향회전/추가브러쉬: 솔형브러쉬, 틈새브러쉬/[색상/크기] 색상: 화이트/무게: 2.4kg/크기(가로x세로x깊이): 247x1210x165mm",32500
쿠쿠전자 파워클론 딥 클린 CVC-DEM2540UG,"핸디스틱청소기/무선/흡입+물걸레(동시)/흡입력: 280W/스테이션: 먼지비움, 충전, 액서서리수납, 스탠드거치/먼지비움시간: 30초/먼지봉투: 2.5L/LED라이트/싸이클론흡입/오토스탑앤고/자동물공급/스마트인버터모터/워셔블헤파필터/[배터리] 사용시간: 30분(최대)/분리형(1개)/리튬이온/[흡입구] 와이드/추가브러쉬: 솔형브러쉬, 틈새브러쉬/물걸레: 포함/[색상/크기] 색상: 에센스화이트/무게: 2.49kg/크기(가로x세로x깊이): 300x1100x245mm/출시가: 1,315,000원",69670
휴렉스S 스톰버스트,"핸디스틱청소기/무선/흡입+물걸레(동시)/흡입력: 280W/스테이션: 먼지비움, 충전, 액서서리수납, 스탠드거치/먼지비움시간: 30초/먼지봉투: 2.5L/LED라이트/싸이클론흡입/오토스탑앤고/자동물공급/스마트인버터모터/워셔블헤파필터/[배터리] 사용시간: 30분(최대)/분리형(1개)/리튬이온/[흡입구] 와이드/추가브러쉬: 솔형브러쉬, 틈새브러쉬/물걸레: 포함/[색상/크기] 색상: 에센스화이트/무게: 2.49kg/크기(가로x세로x깊이): 300x1100x245mm/출시가: 1,315,000원",179800
도어스코리아 홈리아 더스트제로 에어 90D,"스틱청소기/무선/흡입+물걸레(건습식)/흡입력: 18,000Pa/스테이션: 충전, 스탠드거치, 액서서리&배터리거치/사용시간: 50분(최대)/브러쉬자동세척/브러쉬자동건조/오염감지센서/베젤리스브러쉬/색상: 블랙/무게: 5.1kg",279000
다이슨 마이크로 1.5kg,"스틱청소기/무선/흡입+물걸레(건습식)/흡입력: 18,000Pa/스테이션: 충전, 스탠드거치, 액서서리&배터리거치/사용시간: 50분(최대)/브러쉬자동세척/브러쉬자동건조/오염감지센서/베젤리스브러쉬/색상: 블랙/무게: 5.1kg",260480
LG전자 오브제컬렉션 코드제로 A9 AI AI948BA + 로봇청소기 M9 MO972WA,"핸디스틱청소기/무선/흡입전용/흡입력: 130W/스테이션: 충전, 벽걸이거치, 액서서리&배터리거치/싸이클론흡입/하이퍼미디움/헤파필터/[배터리] 사용시간: 1시간(최대)/분리형(1개)/[흡입구] 일반/추가브러쉬: 솔형브러쉬, 틈새브러쉬/[색상/크기] 색상: 니켈/퍼플/무게: 2.2kg/크기(가로x세로x깊이): 250x1264x252mm",8160
아토케어 도크 스톰 EP-CVC-DV8211,"핸디스틱청소기/무선/흡입전용/흡입력: 130W/스테이션: 충전, 벽걸이거치, 액서서리&배터리거치/싸이클론흡입/하이퍼미디움/헤파필터/[배터리] 사용시간: 1시간(최대)/분리형(1개)/[흡입구] 일반/추가브러쉬: 솔형브러쉬, 틈새브러쉬/[색상/크기] 색상: 니켈/퍼플/무게: 2.2kg/크기(가로x세로x깊이): 250x1264x252mm",1554561
다이슨 디지털 슬림 플러피 플러스,"핸디스틱청소기/무선/흡입전용/흡입력: 23,000Pa/스테이션: 벽걸이거치/싸이클론흡입/먼지감지센서/BLDC모터/워셔블헤파필터/[배터리] 사용시간: 40분(최대)/분리형(1개)/[흡입구] 일반/추가브러쉬: 침구브러쉬, 솔형브러쉬, 틈새브러쉬/[색상/크기] 색상: 화이트, 블루/크기(가로x세로x깊이): 255x1120x108mm",745890
신일전자 SVC-JS330WK,"핸디스틱청소기/무선/흡입전용/흡입력: 23,000Pa/스테이션: 벽걸이거치/싸이클론흡입/먼지감지센서/BLDC모터/워셔블헤파필터/[배터리] 사용시간: 40분(최대)/분리형(1개)/[흡입구] 일반/추가브러쉬: 침구브러쉬, 솔형브러쉬, 틈새브러쉬/[색상/크기] 색상: 화이트, 블루/크기(가로x세로x깊이): 255x1120x108mm",699000
삼성전자 비스포크 제트 AI Lite VS28D0A95HCA,"핸디스틱청소기/무선/흡입전용/흡입력: 140W/DC모터/워셔블먼지필터/[배터리] 사용시간: 45분(최대)/분리형(1개)/리튬이온/[흡입구] 전방향회전/추가브러쉬: 솔형브러쉬, 틈새브러쉬/[색상/크기] 무게: 2kg",5820
비브르 스톰파워 V38,"핸디스틱청소기/무선/흡입전용/흡입력: 140W/DC모터/워셔블먼지필터/[배터리] 사용시간: 45분(최대)/분리형(1개)/리튬이온/[흡입구] 전방향회전/추가브러쉬: 솔형브러쉬, 틈새브러쉬/[색상/크기] 무게: 2kg",77220
삼성전자 비스포크 제트 AI VS90FCA95CSG,"핸디스틱청소기/무선/흡입+물걸레(교체)/흡입력: 220W/스테이션: 먼지비움, 충전, UVC LED, 스탠드거치/먼지비움시간: 14초/먼지봉투: 1.2L/LED라이트/싸이클론흡입/디지털인버터모터/워셔블헤파필터/[배터리] 사용시간: 1시간(최대)/분리형(1개)/리튬이온/[흡입구] 일반/추가브러쉬: 솔형브러쉬, 틈새브러쉬, 각도조절툴/물걸레: 별매/[색상/크기] 색상: 페블그레이/크기(가로x세로x깊이): 250x930x202mm",30600
H28,"핸디스틱청소기/무선/흡입+물걸레(교체)/흡입력: 220W/스테이션: 먼지비움, 충전, UVC LED, 스탠드거치/먼지비움시간: 14초/먼지봉투: 1.2L/LED라이트/싸이클론흡입/디지털인버터모터/워셔블헤파필터/[배터리] 사용시간: 1시간(최대)/분리형(1개)/리튬이온/[흡입구] 일반/추가브러쉬: 솔형브러쉬, 틈새브러쉬, 각도조절툴/물걸레: 별매/[색상/크기] 색상: 페블그레이/크기(가로x세로x깊이): 250x930x202mm",81860
AIDUSON Aiduson WW-800,"핸디스틱청소기/무선/흡입전용/흡입력: 24,000Pa/스테이션: 먼지비움, 충전, 액서서리수납, 스탠드거치/먼지봉투: 3L/LED라이트/먼지감지센서/BLDC모터/워셔블헤파필터/[배터리] 사용시간: 25분(최대)/분리형(1개)/[흡입구] 전방향회전/추가브러쉬: 침구브러쉬, 솔형브러쉬, 틈새브러쉬/[색상/크기] 색상: 그레이",1026690
하츠 CEB-131F,"핸디스틱청소기/무선/흡입전용/흡입력: 24,000Pa/스테이션: 먼지비움, 충전, 액서서리수납, 스탠드거치/먼지봉투: 3L/LED라이트/먼지감지센서/BLDC모터/워셔블헤파필터/[배터리] 사용시간: 25분(최대)/분리형(1개)/[흡입구] 전방향회전/추가브러쉬: 침구브러쉬, 솔형브러쉬, 틈새브러쉬/[색상/크기] 색상: 그레이",359150
로보락 다이애드 프로,스틱청소기/무선/흡입+물걸레(교체)/흡입력: 150W/싸이클론흡입/디지털인버터모터/먼지필터/[배터리] 사용시간: 50분(최대)/내장형/리튬이온/[흡입구] 일반/추가브러쉬: 틈새브러쉬/물걸레: 별매/[색상/크기] 색상: 미스티화이트/무게: 2.6kg/크기(가로x세로x깊이): 250x1143x194mm,87500
누비아 NVX-PRO,스틱청소기/무선/흡입+물걸레(교체)/흡입력: 150W/싸이클론흡입/디지털인버터모터/먼지필터/[배터리] 사용시간: 50분(최대)/내장형/리튬이온/[흡입구] 일반/추가브러쉬: 틈새브러쉬/물걸레: 별매/[색상/크기] 색상: 미스티화이트/무게: 2.6kg/크기(가로x세로x깊이): 250x1143x194mm,129000
레이나 RC-5402,"핸디스틱청소기/무선/흡입전용/스테이션: 먼지비움, 충전, 스탠드거치/AI청소/먼지감지센서/워셔블먼지필터/[배터리] 사용시간: 41분(최대)/내장형/리튬이온/[흡입구] 전방향회전/추가브러쉬: 침구브러쉬, 틈새브러쉬, 패브릭브러쉬/[색상/크기] 무게: 1.7kg/크기(가로x세로x깊이): 263x1030x115mm",145000
레이나 RC-4402,"핸디스틱청소기/무선/흡입전용/스테이션: 먼지비움, 충전, 스탠드거치/AI청소/먼지감지센서/워셔블먼지필터/[배터리] 사용시간: 41분(최대)/내장형/리튬이온/[흡입구] 전방향회전/추가브러쉬: 침구브러쉬, 틈새브러쉬, 패브릭브러쉬/[색상/크기] 무게: 1.7kg/크기(가로x세로x깊이): 263x1030x115mm",26910
일렉트로룩스 WELL Q6 WQ61-1EDBF,"핸디스틱청소기/무선/흡입전용/흡입력: 150W/스테이션: 충전, 스탠드거치/싸이클론흡입/먼지감지센서/워셔블헤파필터/[배터리] 사용시간: 1시간(최대)/분리형(1개)/[흡입구] 레이저/추가브러쉬: 침구브러쉬, 펫브러쉬, 솔형브러쉬, 틈새브러쉬, 카펫브러쉬/[색상/크기] 색상: 골드/골드/무게: 2.2kg/크기(가로x세로x깊이): 250x1264x252mm",74990
라쿠진 LCZ858,"핸디스틱청소기/무선/흡입전용/흡입력: 150W/스테이션: 충전, 스탠드거치/싸이클론흡입/먼지감지센서/워셔블헤파필터/[배터리] 사용시간: 1시간(최대)/분리형(1개)/[흡입구] 레이저/추가브러쉬: 침구브러쉬, 펫브러쉬, 솔형브러쉬, 틈새브러쉬, 카펫브러쉬/[색상/크기] 색상: 골드/골드/무게: 2.2kg/크기(가로x세로x깊이): 250x1264x252mm",290000
브루노 BVC-2314M,"핸디스틱청소기/무선/흡입전용/흡입력: 25,000Pa/LED라이트/싸이클론흡입/헤파필터/[흡입구] 일반/추가브러쉬: 침구브러쉬, 솔브러쉬, 틈새브러쉬/[색상/크기] 색상: 블랙/무게: 4.75kg/크기(가로x세로x깊이): 262x1100x242mm",200450
신일전자 SVC-S380IM,"핸디스틱청소기/무선/흡입전용/흡입력: 25,000Pa/LED라이트/싸이클론흡입/헤파필터/[흡입구] 일반/추가브러쉬: 침구브러쉬, 솔브러쉬, 틈새브러쉬/[색상/크기] 색상: 블랙/무게: 4.75kg/크기(가로x세로x깊이): 262x1100x242mm",138990
샤오미 미홀 K11,"핸디스틱청소기/무선/흡입전용/스테이션: 충전, 스탠드거치/LED라이트/싸이클론흡입/헤파필터/[배터리] 사용시간: 50분(최대)/내장형/리튬이온/[흡입구] 일반/추가브러쉬: 솔형브러쉬, 틈새브러쉬/[색상/크기] 색상: 인디고블루/무게: 2.8kg/크기(가로x세로x깊이): 386x692x140mm",156500
테팔 엑스포스 8.60 라이트 TY9676,"핸디스틱청소기/무선/흡입전용/스테이션: 충전, 스탠드거치/LED라이트/싸이클론흡입/헤파필터/[배터리] 사용시간: 50분(최대)/내장형/리튬이온/[흡입구] 일반/추가브러쉬: 솔형브러쉬, 틈새브러쉬/[색상/크기] 색상: 인디고블루/무게: 2.8kg/크기(가로x세로x깊이): 386x692x140mm",269000
삼성전자 비스포크 제트 VS20A957D33P,"핸디스틱청소기/무선/스테이션: 먼지비움, 충전, 액서서리&배터리거치/먼지봉투: 0.4L/LED라이트/싸이클론흡입/먼지감지센서/물분사/DC모터/워셔블먼지필터/[배터리] 사용시간: 45분(최대)/분리형(1개)/[흡입구] 일반/추가브러쉬: 솔형브러쉬, 틈새브러쉬, 각도조절툴/물걸레: 포함/[색상/크기] 색상: 쉘화이트/무게: 12.8kg",269000
도어스코리아 홈리아 더스트제로 타워 H9,"핸디스틱청소기/무선/스테이션: 먼지비움, 충전, 액서서리&배터리거치/먼지봉투: 0.4L/LED라이트/싸이클론흡입/먼지감지센서/물분사/DC모터/워셔블먼지필터/[배터리] 사용시간: 45분(최대)/분리형(1개)/[흡입구] 일반/추가브러쉬: 솔형브러쉬, 틈새브러쉬, 각도조절툴/물걸레: 포함/[색상/크기] 색상: 쉘화이트/무게: 12.8kg",269000
일렉트로룩스 WELL Q7 WQ71-2ESSF,"탁상용청소기/무선/흡입전용/[색상/크기] 색상: 스카이, 핑크, 옐로우, 화이트/크기(가로x세로): 86x134mm",387380
테팔 에어포스 라이트 TY6544,"탁상용청소기/무선/흡입전용/[색상/크기] 색상: 스카이, 핑크, 옐로우, 화이트/크기(가로x세로): 86x134mm",174900
스위스밀리터리 VLA-PH2000V,"핸디스틱청소기/무선/흡입+물걸레(교체)/흡입력: 400W/스테이션: 싸이클론비움, 충전, UVC LED, 스탠드거치, 액서서리&배터리거치/먼지비움시간: 14초/먼지봉투: 1.2L/AI청소/LED라이트/먼지감지센서/물분사/디지털인버터모터/워셔블먼지필터/[배터리] 사용시간: 1시간40분(최대)/분리형(2개)/리튬이온/[흡입구] 일반/추가브러쉬: 솔형브러쉬, 틈새브러쉬, 각도조절툴/물걸레: 포함/고온/[색상/크기] 색상: 새틴블랙/무게: 2.5kg/크기(가로x세로x깊이): 250x970x243mm",188750
비브르 스톰파워 V31000,"핸디스틱청소기/무선/흡입+물걸레(교체)/흡입력: 400W/스테이션: 싸이클론비움, 충전, UVC LED, 스탠드거치, 액서서리&배터리거치/먼지비움시간: 14초/먼지봉투: 1.2L/AI청소/LED라이트/먼지감지센서/물분사/디지털인버터모터/워셔블먼지필터/[배터리] 사용시간: 1시간40분(최대)/분리형(2개)/리튬이온/[흡입구] 일반/추가브러쉬: 솔형브러쉬, 틈새브러쉬, 각도조절툴/물걸레: 포함/고온/[색상/크기] 색상: 새틴블랙/무게: 2.5kg/크기(가로x세로x깊이): 250x970x243mm",166490
일렉트로룩스 WELL Q7 WQ71-2OIBF,"핸디스틱청소기/무선/흡입+물걸레(교체)/흡입력: 480W/스테이션: 먼지비움, 충전, 액서서리수납, 스탠드거치/먼지봉투: 3L/LED라이트/BLDC모터/헤파필터/[배터리] 사용시간: 18분(최대)/내장형/리튬이온/[흡입구] 전방향회전/추가브러쉬: 솔형브러쉬, 틈새브러쉬/물걸레: 별매/[색상/크기] 색상: 화이트/무게: 2.4kg/크기(가로x세로x깊이): 241x1045x212mm",10070
아이룸 플래티넘 S9,"핸디스틱청소기/무선/흡입+물걸레(교체)/흡입력: 480W/스테이션: 먼지비움, 충전, 액서서리수납, 스탠드거치/먼지봉투: 3L/LED라이트/BLDC모터/헤파필터/[배터리] 사용시간: 18분(최대)/내장형/리튬이온/[흡입구] 전방향회전/추가브러쉬: 솔형브러쉬, 틈새브러쉬/물걸레: 별매/[색상/크기] 색상: 화이트/무게: 2.4kg/크기(가로x세로x깊이): 241x1045x212mm",6120
LG전자 오브제컬렉션 코드제로 A9S AX9984WE,"핸디스틱청소기/무선/흡입전용/흡입력: 10,000Pa/워셔블먼지필터/[흡입구] 일반/추가브러쉬: 침구브러쉬, 솔브러쉬, 틈새브러쉬/[색상/크기] 색상: 그레이/크기(가로x세로x깊이): 215x950x145mm",36000
삼성전자 비스포크 제트 VS20A957E3W,"핸디스틱청소기/무선/흡입전용/흡입력: 10,000Pa/워셔블먼지필터/[흡입구] 일반/추가브러쉬: 침구브러쉬, 솔브러쉬, 틈새브러쉬/[색상/크기] 색상: 그레이/크기(가로x세로x깊이): 215x950x145mm",105139
JONR ED11,"핸디스틱청소기/무선/흡입력: 400W/스테이션: 싸이클론비움, 충전, UVC LED, 스탠드거치, 액서서리&배터리거치/먼지비움시간: 14초/먼지봉투: 1.2L/AI청소/LED라이트/먼지감지센서/물분사/디지털인버터모터/워셔블먼지필터/[배터리] 사용시간: 1시간40분(최대)/분리형(1개)/리튬이온/[흡입구] 일반/추가브러쉬: 침구브러쉬, 솔형브러쉬, 틈새브러쉬, 각도조절툴/물걸레: 포함/고온/[색상/크기] 색상: 새틴블랙/무게: 2.5kg/크기(가로x세로x깊이): 250x970x243mm",6890
마이디어 MP08KRGY-DS,"핸디스틱청소기/무선/흡입력: 400W/스테이션: 싸이클론비움, 충전, UVC LED, 스탠드거치, 액서서리&배터리거치/먼지비움시간: 14초/먼지봉투: 1.2L/AI청소/LED라이트/먼지감지센서/물분사/디지털인버터모터/워셔블먼지필터/[배터리] 사용시간: 1시간40분(최대)/분리형(1개)/리튬이온/[흡입구] 일반/추가브러쉬: 침구브러쉬, 솔형브러쉬, 틈새브러쉬, 각도조절툴/물걸레: 포함/고온/[색상/크기] 색상: 새틴블랙/무게: 2.5kg/크기(가로x세로x깊이): 250x970x243mm",17900
블랙앤데커 HLVA315J22,"핸디스틱청소기/무선/흡입전용/흡입력: 22,000Pa/스테이션: 스탠드거치/먼지필터/[배터리] 사용시간: 15분(최대)/[흡입구] 전방향회전/추가브러쉬: 틈새브러쉬, 연장관/[색상/크기] 색상: 화이트/무게: 0.8kg/크기(가로x세로x깊이): 116x1030x101mm",22450
삼성전자 비스포크 제트 VS20B956D5G,"핸디스틱청소기/무선/흡입전용/흡입력: 22,000Pa/스테이션: 스탠드거치/먼지필터/[배터리] 사용시간: 15분(최대)/[흡입구] 전방향회전/추가브러쉬: 틈새브러쉬, 연장관/[색상/크기] 색상: 화이트/무게: 0.8kg/크기(가로x세로x깊이): 116x1030x101mm",127490
오피스디포 ATIVA 데스크 미니 청소기,"핸디스틱청소기/무선/흡입전용/흡입력: 85W/스테이션: 충전, 스탠드거치, 액서서리&배터리거치/BLDC모터/[배터리] 사용시간: 55분(최대)/분리형(1개)/[흡입구] 일반/추가브러쉬: 솔형브러쉬, 틈새브러쉬/[색상/크기] 색상: 어반그레이/무게: 1.2kg/크기(가로x세로x깊이): 240x1168x260mm",159000
신일전자 SVC-60PPSJ,"핸디스틱청소기/무선/흡입전용/흡입력: 85W/스테이션: 충전, 스탠드거치, 액서서리&배터리거치/BLDC모터/[배터리] 사용시간: 55분(최대)/분리형(1개)/[흡입구] 일반/추가브러쉬: 솔형브러쉬, 틈새브러쉬/[색상/크기] 색상: 어반그레이/무게: 1.2kg/크기(가로x세로x깊이): 240x1168x260mm",41700
테팔 에어포스 라이트 TY6541KM,"핸디스틱청소기/무선/흡입+물걸레(교체)/흡입력: 30,000Pa/스테이션: 벽걸이거치/UV살균/BLDC모터/헤파필터/[배터리] 사용시간: 50분(최대)/분리형(1개)/리튬이온/[흡입구] 일반/추가브러쉬: 침구브러쉬, 솔형브러쉬, 틈새브러쉬/물걸레: 별매/[색상/크기] 색상: 블랙/무게: 2.5kg/크기(가로x세로x깊이): 241x1144x211mm",947670
삼성전자 제트 VS20T92K3QD,"핸디스틱청소기/무선/흡입+물걸레(교체)/흡입력: 30,000Pa/스테이션: 벽걸이거치/UV살균/BLDC모터/헤파필터/[배터리] 사용시간: 50분(최대)/분리형(1개)/리튬이온/[흡입구] 일반/추가브러쉬: 침구브러쉬, 솔형브러쉬, 틈새브러쉬/물걸레: 별매/[색상/크기] 색상: 블랙/무게: 2.5kg/크기(가로x세로x깊이): 241x1144x211mm",356820
파빗 2세대 전동청소솔 PRO FB-B270PRO,"핸디청소기/무선/흡입전용/스테이션: 충전, 스탠드거치/[배터리] 내장형/리튬이온/[색상/크기] 무게: 1.19kg",297990
마끼다 DCL280,"핸디청소기/무선/흡입전용/스테이션: 충전, 스탠드거치/[배터리] 내장형/리튬이온/[색상/크기] 무게: 1.19kg",269480
고스 GSC-1993,"핸디스틱청소기/무선/흡입+물걸레(교체)/흡입력: 310W/스테이션: 먼지비움, 싸이클론비움, 충전, UVC LED, 스탠드거치/먼지비움시간: 14초/먼지봉투: 1.2L/AI청소/LED라이트/싸이클론흡입/물분사/디지털인버터모터/워셔블헤파필터/[배터리] 사용시간: 1시간40분(대용량배터리기준)(최대)/분리형(2개)/리튬이온/[흡입구] 일반/추가브러쉬: 침구브러쉬, 솔형브러쉬, 틈새브러쉬, 각도조절툴/물걸레: 포함/고온/[색상/크기] 색상: 새틴베이지/크기(가로x세로x깊이): 250x1091x300mm/출시가: 1,749,000원",42900
기펠 듀얼 글라이드 360 P11,"핸디스틱청소기/무선/흡입+물걸레(교체)/흡입력: 310W/스테이션: 먼지비움, 싸이클론비움, 충전, UVC LED, 스탠드거치/먼지비움시간: 14초/먼지봉투: 1.2L/AI청소/LED라이트/싸이클론흡입/물분사/디지털인버터모터/워셔블헤파필터/[배터리] 사용시간: 1시간40분(대용량배터리기준)(최대)/분리형(2개)/리튬이온/[흡입구] 일반/추가브러쉬: 침구브러쉬, 솔형브러쉬, 틈새브러쉬, 각도조절툴/물걸레: 포함/고온/[색상/크기] 색상: 새틴베이지/크기(가로x세로x깊이): 250x1091x300mm/출시가: 1,749,000원",752630
디베아 M500 클래스,"핸디스틱청소기/무선/흡입전용/흡입력: 12,000Pa/스테이션: 충전, 벽걸이거치/LED라이트/싸이클론흡입/워셔블헤파필터/[배터리] 사용시간: 40분(최대)/리튬이온/[흡입구] 일반/추가브러쉬: 솔형브러쉬, 틈새브러쉬, 연장관/[색상/크기] 색상: 레드/무게: 1.89kg",391170
퓨어포스 NFK-2503,"핸디스틱청소기/무선/흡입전용/흡입력: 12,000Pa/스테이션: 충전, 벽걸이거치/LED라이트/싸이클론흡입/워셔블헤파필터/[배터리] 사용시간: 40분(최대)/리튬이온/[흡입구] 일반/추가브러쉬: 솔형브러쉬, 틈새브러쉬, 연장관/[색상/크기] 색상: 레드/무게: 1.89kg",615000
LG전자 코드제로 A9 Air AS9000YR,"핸디스틱청소기/무선/흡입+물걸레(교체)/흡입력: 175W(35,000Pa)/스테이션: 벽걸이거치/LED라이트/싸이클론흡입/UV살균/BLDC모터/헤파필터+워셔블메탈필터/[배터리] 사용시간: 50분(최대)/분리형(1개)/리튬이온/[흡입구] 일반/추가브러쉬: 솔형브러쉬, 틈새브러쉬/물걸레: 별매/[색상/크기] 색상: 화이트/무게: 2.7kg/정전기방지 터치패드/크기(가로x세로x깊이): 255x1220x135mm",384000
레이캅 RAC-100KRWH,"핸디스틱청소기/무선/흡입+물걸레(교체)/흡입력: 175W(35,000Pa)/스테이션: 벽걸이거치/LED라이트/싸이클론흡입/UV살균/BLDC모터/헤파필터+워셔블메탈필터/[배터리] 사용시간: 50분(최대)/분리형(1개)/리튬이온/[흡입구] 일반/추가브러쉬: 솔형브러쉬, 틈새브러쉬/물걸레: 별매/[색상/크기] 색상: 화이트/무게: 2.7kg/정전기방지 터치패드/크기(가로x세로x깊이): 255x1220x135mm",52900
아이닉 i20,"핸디스틱청소기/무선/흡입+물걸레(교체)/흡입력: 240W/스테이션: 충전, 스탠드거치/먼지감지센서/헤파필터/[배터리] 사용시간: 1시간(최대)/분리형(1개)/[흡입구] 일반/레이저/추가브러쉬: 펫브러쉬, 솔형브러쉬, 틈새브러쉬, 카펫브러쉬/물걸레: 포함/[색상/크기] 색상: 골드/골드/무게: 3kg/크기(가로x세로x깊이): 253x1246x268mm",253070
마끼다 DCL181,"핸디스틱청소기/무선/흡입+물걸레(교체)/흡입력: 240W/스테이션: 충전, 스탠드거치/먼지감지센서/헤파필터/[배터리] 사용시간: 1시간(최대)/분리형(1개)/[흡입구] 일반/레이저/추가브러쉬: 펫브러쉬, 솔형브러쉬, 틈새브러쉬, 카펫브러쉬/물걸레: 포함/[색상/크기] 색상: 골드/골드/무게: 3kg/크기(가로x세로x깊이): 253x1246x268mm",780000
아이룸 터보소닉 F10,"핸디스틱청소기/무선/흡입전용/스테이션: 스탠드거치/LED라이트/싸이클론흡입/DC모터/워셔블먼지필터/[배터리] 사용시간: 20분(최대)/내장형/리튬이온/[흡입구] 일반/추가브러쉬: 솔형브러쉬, 틈새브러쉬/[색상/크기] 색상: 데님블루/무게: 3.6kg/퀵릴리즈, 풋릴리즈/크기(가로x세로x깊이): 256x1010x249mm",383520
블라우풍트 블루모션 올인원 BLP-VC661WPV,"핸디스틱청소기/무선/흡입전용/스테이션: 스탠드거치/LED라이트/싸이클론흡입/DC모터/워셔블먼지필터/[배터리] 사용시간: 20분(최대)/내장형/리튬이온/[흡입구] 일반/추가브러쉬: 솔형브러쉬, 틈새브러쉬/[색상/크기] 색상: 데님블루/무게: 3.6kg/퀵릴리즈, 풋릴리즈/크기(가로x세로x깊이): 256x1010x249mm",99000
오토모 데일리 AVC-A22 PRO,"핸디스틱청소기/무선/흡입+물걸레(동시)/흡입력: 400W/스테이션: 먼지비움, 충전, 액서서리수납, 스탠드거치/먼지봉투: 3L/먼지감지센서/BLDC모터/헤파필터/[배터리] 사용시간: 35분(최대)/분리형(1개)/리튬이온/[흡입구] 일반/추가브러쉬: 침구브러쉬, 솔형브러쉬, 틈새브러쉬/물걸레: 포함/[색상/크기] 색상: 노블화이트/무게: 3.1kg/크기(가로x세로x깊이): 272x1023x283mm",7650
샤크닌자 샤크 B1M,"핸디스틱청소기/무선/흡입+물걸레(동시)/흡입력: 400W/스테이션: 먼지비움, 충전, 액서서리수납, 스탠드거치/먼지봉투: 3L/먼지감지센서/BLDC모터/헤파필터/[배터리] 사용시간: 35분(최대)/분리형(1개)/리튬이온/[흡입구] 일반/추가브러쉬: 침구브러쉬, 솔형브러쉬, 틈새브러쉬/물걸레: 포함/[색상/크기] 색상: 노블화이트/무게: 3.1kg/크기(가로x세로x깊이): 272x1023x283mm",16380
보쉬 유니버셜브러쉬,"핸디스틱청소기/무선/흡입전용/스테이션: 먼지비움, 충전, 액서서리수납, 스탠드거치/LED라이트/먼지감지센서/헤파필터/[배터리] 사용시간: 29분(최대)/내장형/리튬이온/[흡입구] 전방향회전/추가브러쉬: 펫브러쉬, 솔형브러쉬, 틈새브러쉬/[색상/크기] 무게: 2.6kg/크기(가로x세로x깊이): 265x1090x395mm",38700
일렉트로룩스 얼티밋홈 700 EFS71425WH,"핸디스틱청소기/무선/흡입전용/스테이션: 먼지비움, 충전, 액서서리수납, 스탠드거치/LED라이트/먼지감지센서/헤파필터/[배터리] 사용시간: 29분(최대)/내장형/리튬이온/[흡입구] 전방향회전/추가브러쉬: 펫브러쉬, 솔형브러쉬, 틈새브러쉬/[색상/크기] 무게: 2.6kg/크기(가로x세로x깊이): 265x1090x395mm",46140
